,Name,Platform,Year_of_Release,Genre,Publisher,NA_Sales,EU_Sales,JP_Sales,Other_Sales,Global_Sales,Critic_Score,Critic_Count,User_Score,User_Count,Developer,Rating,Cat
0,Wii Sports,Wii,2006.0,Sports,Nintendo,41.36,28.96,3.77,8.45,82.53,76.0,51.0,8,322.0,Nintendo,E,Sports
1,Mario Kart Wii,Wii,2008.0,Racing,Nintendo,15.68,12.76,3.79,3.29,35.52,82.0,73.0,8.3,709.0,Nintendo,E,Sports
2,Wii Sports Resort,Wii,2009.0,Sports,Nintendo,15.61,10.93,3.28,2.95,32.77,80.0,73.0,8,192.0,Nintendo,E,Sports
3,Wii Play,Wii,2006.0,Misc,Nintendo,13.96,9.18,2.93,2.84,28.92,58.0,41.0,6.6,129.0,Nintendo,E,Puzzle
4,New Super Mario Bros. Wii,Wii,2009.0,Platform,Nintendo,14.44,6.94,4.7,2.24,28.32,87.0,80.0,8.4,594.0,Nintendo,E,Adventure
5,Wii Fit,Wii,2007.0,Sports,Nintendo,8.92,8.03,3.6,2.15,22.7,80.0,63.0,7.7,146.0,Nintendo,E,Sports
6,Wii Fit Plus,Wii,2009.0,Sports,Nintendo,9.01,8.49,2.53,1.77,21.79,80.0,33.0,7.4,52.0,Nintendo,E,Sports
7,Super Mario Galaxy,Wii,2007.0,Platform,Nintendo,6.06,3.35,1.2,0.74,11.35,97.0,73.0,8.9,2147.0,Nintendo,E,Adventure
8,Just Dance 3,Wii,2011.0,Misc,Ubisoft,5.95,3.11,0.0,1.06,10.12,74.0,15.0,7.8,16.0,Ubisoft,E10+,Puzzle
9,Just Dance 2,Wii,2010.0,Misc,Ubisoft,5.8,2.85,0.01,0.78,9.44,74.0,24.0,7.3,24.0,Ubisoft,E10+,Puzzle
10,FIFA Soccer 13,PS3,2012.0,Action,Electronic Arts,1.06,5.01,0.13,1.97,8.16,88.0,37.0,6.6,348.0,Electronic Arts,E,Action
11,The Legend of Zelda: Twilight Princess,Wii,2006.0,Action,Nintendo,3.74,2.14,0.6,0.68,7.15,95.0,73.0,9,1658.0,Nintendo,T,Action
12,Need for Speed Underground 2,PS2,2004.0,Racing,Electronic Arts,2.71,3.02,0.08,1.09,6.9,82.0,39.0,8.6,132.0,EA Canada,E,Sports
13,Just Dance 4,Wii,2012.0,Misc,Ubisoft,4.05,2.16,0.0,0.55,6.76,74.0,10.0,7.3,28.0,Ubisoft,E10+,Puzzle
14,FIFA 14,PS3,2013.0,Sports,Electronic Arts,0.78,4.24,0.07,1.37,6.47,86.0,37.0,4.3,576.0,EA Canada,E,Sports
15,Assassin's Creed III,PS3,2012.0,Action,Ubisoft,2.64,2.52,0.16,1.12,6.45,85.0,41.0,6.9,1307.0,Ubisoft,M,Action
16,Super Mario Sunshine,GC,2002.0,Platform,Nintendo,4.01,1.26,0.87,0.17,6.31,92.0,61.0,8.6,439.0,Nintendo,E,Adventure
17,Assassin's Creed II,PS3,2009.0,Action,Ubisoft,2.54,1.93,0.21,0.86,5.55,91.0,70.0,8.6,1202.0,Ubisoft Montreal,M,Action
18,Assassin's Creed,X360,2007.0,Adventure,Ubisoft,3.28,1.64,0.07,0.56,5.54,81.0,77.0,7.7,1074.0,Ubisoft Montreal,M,Adventure
19,Assassin's Creed III,X360,2012.0,Action,Ubisoft,3.13,1.69,0.03,0.44,5.29,84.0,61.0,6.7,1196.0,Ubisoft,M,Action
20,Assassin's Creed II,X360,2009.0,Action,Ubisoft,3.11,1.55,0.08,0.51,5.26,90.0,82.0,8.8,1305.0,Ubisoft Montreal,M,Action
21,FIFA Soccer 13,X360,2012.0,Action,Electronic Arts,1.09,3.47,0.03,0.57,5.16,90.0,48.0,6.1,403.0,Electronic Arts,E,Action
22,FIFA Soccer 11,PS3,2010.0,Sports,Electronic Arts,0.61,3.28,0.06,1.12,5.07,89.0,51.0,8,233.0,EA Sports,E,Sports
23,Link's Crossbow Training,Wii,2007.0,Shooter,Nintendo,3.05,1.17,0.29,0.46,4.98,68.0,34.0,7.1,47.0,Nintendo,T,Action
24,Madden NFL 06,PS2,2005.0,Sports,Electronic Arts,3.98,0.26,0.01,0.66,4.91,88.0,29.0,8,121.0,EA Sports,E,Sports
25,Assassin's Creed,PS3,2007.0,Adventure,Ubisoft,1.91,2.0,0.09,0.82,4.82,81.0,40.0,7.3,769.0,Ubisoft Montreal,M,Adventure
26,Animal Crossing: City Folk,Wii,2008.0,Simulation,Nintendo,1.82,1.12,1.32,0.36,4.62,73.0,50.0,7.6,119.0,Nintendo,E,Strategy
27,The Legend of Zelda: The Wind Waker,GC,2002.0,Action,Nintendo,2.6,0.99,0.89,0.13,4.6,96.0,80.0,8.9,968.0,Nintendo,E,Action
28,Madden NFL 2005,PS2,2004.0,Sports,Electronic Arts,4.18,0.26,0.01,0.08,4.53,91.0,30.0,7.9,78.0,EA Tiburon,E,Sports
29,Madden NFL 07,PS2,2006.0,Sports,Electronic Arts,3.63,0.24,0.01,0.61,4.49,84.0,29.0,8.2,39.0,EA Sports,E,Sports
30,Need for Speed: Most Wanted,PS2,2005.0,Racing,Electronic Arts,2.03,1.79,0.08,0.47,4.37,82.0,36.0,9.1,137.0,EA Canada,T,Sports
31,Assassin's Creed: Revelations,PS3,2011.0,Action,Ubisoft,1.41,2.01,0.1,0.7,4.22,80.0,39.0,7.5,613.0,Ubisoft Montreal,M,Action
32,FIFA 14,X360,2013.0,Sports,Electronic Arts,0.92,2.89,0.01,0.4,4.22,84.0,41.0,4.2,435.0,EA Canada,E,Sports
33,FIFA Soccer 06,PS2,2005.0,Sports,Electronic Arts,0.78,2.55,0.04,0.84,4.21,80.0,32.0,7.8,47.0,EA Canada,E,Sports
34,Assassin's Creed: Revelations,X360,2011.0,Action,Ubisoft,2.25,1.47,0.04,0.43,4.19,80.0,77.0,7.2,564.0,Ubisoft Montreal,M,Action
35,Madden NFL 2003,PS2,2002.0,Sports,Electronic Arts,3.36,0.21,0.01,0.56,4.14,95.0,25.0,7.7,65.0,EA Sports,E,Sports
36,The Legend of Zelda: Skyward Sword,Wii,2011.0,Action,Nintendo,2.03,1.16,0.37,0.38,3.95,93.0,81.0,8,1958.0,Nintendo,E10+,Action
37,EA Sports Active,Wii,2009.0,Sports,Electronic Arts,2.09,1.35,0.06,0.4,3.9,81.0,27.0,8.7,39.0,EA Canada,E,Sports
38,Big Brain Academy: Wii Degree,Wii,2007.0,Misc,Nintendo,1.05,1.91,0.41,0.42,3.79,68.0,33.0,6.9,39.0,Nintendo,E,Puzzle
39,Assassin's Creed IV: Black Flag,PS3,2013.0,Action,Ubisoft,1.33,1.68,0.13,0.57,3.71,88.0,36.0,8.1,840.0,Ubisoft,M,Action
40,FIFA Soccer 2005,PS2,2004.0,Sports,Electronic Arts,0.58,2.48,0.04,0.59,3.7,81.0,27.0,7.6,56.0,EA Canada,E,Sports
41,FIFA Soccer 10,PS3,2009.0,Sports,Electronic Arts,0.6,2.45,0.05,0.52,3.62,91.0,56.0,7.6,203.0,EA Sports,E,Sports
42,Luigi's Mansion,GC,2001.0,Action,Nintendo,2.38,0.67,0.46,0.1,3.6,78.0,34.0,8.5,161.0,Nintendo,E,Action
43,FIFA Soccer 11,X360,2010.0,Sports,Electronic Arts,0.71,2.39,0.02,0.4,3.52,88.0,66.0,7.5,155.0,EA Sports,E,Sports
44,Assassin's Creed: Brotherhood,X360,2010.0,Action,Ubisoft,2.85,0.38,0.03,0.24,3.49,89.0,81.0,8.3,693.0,Ubisoft Montreal,M,Action
45,FIFA Soccer 2003,PS2,2002.0,Sports,Electronic Arts,0.46,2.28,0.05,0.61,3.4,88.0,15.0,6.7,35.0,EA Canada,E,Sports
46,Far Cry 3,PS3,2012.0,Shooter,Ubisoft,0.88,1.7,0.1,0.67,3.35,90.0,32.0,8.5,1041.0,Ubisoft Montreal,M,Action
47,Assassin's Creed IV: Black Flag,X360,2013.0,Action,Ubisoft,1.9,1.11,0.01,0.29,3.3,86.0,35.0,7.9,701.0,Ubisoft,M,Action
48,Wii Music,Wii,2008.0,Misc,Nintendo,1.35,1.11,0.46,0.32,3.25,63.0,43.0,4.6,116.0,Nintendo,E,Puzzle
49,Animal Crossing,GC,2001.0,Simulation,Nintendo,1.92,0.16,0.99,0.09,3.15,87.0,42.0,8.9,137.0,Nintendo,E,Strategy
50,FIFA Soccer 08,PS2,2007.0,Sports,Electronic Arts,0.68,0.0,0.0,2.46,3.14,83.0,12.0,6.5,36.0,EA Canada,E,Sports
51,Madden NFL 2002,PS2,2001.0,Sports,Electronic Arts,2.5,0.16,0.01,0.42,3.08,94.0,23.0,7.9,46.0,EA Sports,E,Sports
52,Tom Clancy's Splinter Cell,XB,2002.0,Action,Ubisoft,1.85,1.04,0.0,0.13,3.02,93.0,46.0,8.5,121.0,Ubisoft Montreal,T,Action
53,Far Cry 3,X360,2012.0,Shooter,Ubisoft,1.38,1.32,0.02,0.28,3.0,91.0,39.0,8.6,1247.0,Ubisoft Montreal,M,Action
54,NBA 2K13,X360,2012.0,Sports,Take-Two Interactive,2.6,0.2,0.01,0.19,3.0,88.0,41.0,7.2,131.0,Visual Concepts,E,Sports
55,Madden NFL 13,X360,2012.0,Sports,Electronic Arts,2.53,0.15,0.0,0.17,2.86,81.0,36.0,5.8,179.0,EA Tiburon,E,Sports
56,Madden NFL 10,X360,2009.0,Sports,Electronic Arts,2.52,0.09,0.0,0.22,2.83,85.0,58.0,6.1,90.0,EA Tiburon,E,Sports
57,Assassin's Creed: Brotherhood,PS3,2010.0,Action,Ubisoft,1.87,0.55,0.11,0.29,2.82,90.0,59.0,8.2,791.0,Ubisoft Montreal,M,Action
58,Madden NFL 12,X360,2011.0,Sports,Electronic Arts,2.42,0.11,0.0,0.16,2.69,78.0,55.0,5.9,94.0,EA Tiburon,E,Sports
59,Madden NFL 11,X360,2010.0,Sports,Electronic Arts,2.38,0.12,0.0,0.18,2.69,84.0,47.0,5.7,120.0,EA Tiburon,E,Sports
60,ESPN NFL 2K5,PS2,2004.0,Sports,Sega,2.15,0.12,0.0,0.36,2.62,90.0,37.0,8.2,84.0,Visual Concepts,E,Sports
61,NBA 2K12,X360,2011.0,Sports,Take-Two Interactive,2.31,0.14,0.01,0.16,2.62,90.0,42.0,7.7,134.0,Visual Concepts,E,Sports
62,FIFA Soccer 10,X360,2009.0,Sports,Electronic Arts,0.59,1.79,0.01,0.23,2.62,90.0,63.0,7.5,133.0,EA Sports,E,Sports
63,Harry Potter and the Chamber of Secrets,PS2,2002.0,Action,Electronic Arts,0.9,1.22,0.04,0.44,2.61,71.0,16.0,7.6,49.0,Electronic Arts,E,Action
64,NBA Live 2005,PS2,2004.0,Sports,Electronic Arts,2.03,0.21,0.0,0.35,2.59,84.0,21.0,8.1,44.0,EA Canada,E,Sports
65,FIFA Soccer 09,PS3,2008.0,Sports,Electronic Arts,0.48,1.63,0.04,0.43,2.58,87.0,42.0,7.5,108.0,EA Canada,E,Sports
66,Madden NFL 08,PS2,2007.0,Sports,Electronic Arts,2.14,0.08,0.0,0.35,2.57,78.0,11.0,7.8,17.0,EA Tiburon,E,Sports
67,Madden NFL 13,PS3,2012.0,Sports,Electronic Arts,2.11,0.22,0.0,0.23,2.56,83.0,22.0,5.5,101.0,EA Tiburon,E,Sports
68,Madden NFL 09,X360,2008.0,Sports,Electronic Arts,2.21,0.12,0.0,0.2,2.53,83.0,50.0,7,125.0,EA Tiburon,E,Sports
69,NBA 2K14,X360,2013.0,Sports,Take-Two Interactive,2.1,0.19,0.0,0.23,2.52,87.0,23.0,4.9,150.0,Visual Concepts,E,Sports
70,NBA 2K13,PS3,2012.0,Sports,Take-Two Interactive,1.73,0.43,0.05,0.27,2.47,90.0,26.0,8,99.0,Visual Concepts,E,Sports
71,Tom Clancy's Rainbow Six: Vegas 2,X360,2008.0,Shooter,Ubisoft,1.56,0.6,0.02,0.23,2.42,82.0,66.0,7.8,176.0,Ubisoft Montreal,M,Action
72,Need for Speed Carbon: Own the City,PSP,2006.0,Racing,Electronic Arts,0.87,0.97,0.0,0.58,2.42,73.0,14.0,7.9,39.0,EA Canada,E10+,Sports
73,Madden NFL 11,PS3,2010.0,Sports,Electronic Arts,2.04,0.15,0.0,0.2,2.38,83.0,36.0,6.1,68.0,EA Tiburon,E,Sports
74,Madden NFL 08,X360,2007.0,Sports,Electronic Arts,2.18,0.01,0.0,0.18,2.37,85.0,46.0,6.4,108.0,EA Tiburon,E,Sports
75,Madden NFL 10,PS3,2009.0,Sports,Electronic Arts,2.03,0.13,0.0,0.21,2.37,85.0,41.0,6.8,58.0,EA Tiburon,E,Sports
76,Need for Speed Underground 2,XB,2004.0,Racing,Electronic Arts,1.38,0.8,0.0,0.1,2.28,77.0,35.0,8.7,27.0,EA Canada,E,Sports
77,FIFA Soccer 09,PS2,2008.0,Sports,Electronic Arts,0.38,0.07,0.01,1.82,2.28,82.0,8.0,6.9,20.0,EA Canada,E,Sports
78,Madden NFL 12,PS3,2011.0,Sports,Electronic Arts,1.93,0.15,0.0,0.17,2.25,79.0,31.0,5.5,56.0,EA Tiburon,E,Sports
79,Madden NFL 25,X360,2013.0,Sports,Electronic Arts,1.98,0.06,0.0,0.19,2.23,80.0,32.0,5.6,136.0,EA Sports,E,Sports
80,Prince of Persia: The Sands of Time,PS2,2003.0,Action,Ubisoft,0.88,1.03,0.0,0.31,2.22,92.0,44.0,8.8,204.0,Ubisoft,T,Action
81,Your Shape featuring Jenny McCarthy,Wii,2009.0,Sports,Ubisoft,1.49,0.46,0.0,0.18,2.12,62.0,5.0,5.2,54.0,Ubisoft,E,Sports
82,NBA 2K12,PS3,2011.0,Sports,Take-Two Interactive,1.62,0.26,0.05,0.18,2.11,90.0,38.0,6.7,127.0,Visual Concepts,E,Sports
83,NBA 2K14,PS3,2013.0,Sports,Take-Two Interactive,1.44,0.31,0.04,0.32,2.11,84.0,26.0,4.9,142.0,Visual Concepts,E,Sports
84,NBA 2K11,X360,2010.0,Action,Take-Two Interactive,1.84,0.12,0.01,0.13,2.09,89.0,50.0,8.1,100.0,Visual Concepts,E,Action
85,Need for Speed: Most Wanted 5-1-0,PSP,2005.0,Racing,Electronic Arts,1.77,0.12,0.02,0.17,2.07,72.0,21.0,7.8,54.0,EA Canada,E10+,Sports
86,NBA Live 2004,PS2,2003.0,Sports,Electronic Arts,1.57,0.18,0.0,0.27,2.03,86.0,19.0,7.7,41.0,EA Sports,E,Sports
87,Just Dance 3,X360,2011.0,Misc,Ubisoft,1.47,0.39,0.0,0.16,2.02,70.0,34.0,7.7,17.0,Ubisoft,E10+,Puzzle
88,Tom Clancy's Rainbow Six: Vegas,X360,2006.0,Shooter,Ubisoft,1.09,0.65,0.02,0.2,1.95,88.0,69.0,8.3,225.0,Ubisoft Montreal,M,Action
89,NBA Street Vol. 2,PS2,2003.0,Sports,Electronic Arts,1.69,0.2,0.0,0.06,1.95,90.0,31.0,8.8,70.0,Electronic Arts,E,Sports
90,FIFA Soccer 09,X360,2008.0,Sports,Electronic Arts,0.49,1.26,0.01,0.18,1.94,87.0,51.0,8,106.0,EA Canada,E,Sports
91,Tom Clancy's Ghost Recon,PS2,2002.0,Shooter,Ubisoft,1.42,0.4,0.0,0.12,1.94,63.0,18.0,8.3,22.0,Ubisoft,M,Action
92,Monopoly,Wii,2008.0,Misc,Electronic Arts,0.86,0.83,0.0,0.2,1.89,70.0,11.0,7.8,17.0,Electronic Arts,E,Puzzle
93,Madden NFL 09,PS3,2008.0,Sports,Electronic Arts,1.56,0.14,0.0,0.18,1.88,85.0,38.0,4.4,132.0,EA Tiburon,E,Sports
94,Madden NFL 25,PS3,2013.0,Sports,Electronic Arts,1.6,0.03,0.0,0.24,1.87,76.0,19.0,4.1,91.0,EA Sports,E,Sports
95,Madden NFL 06,XB,2005.0,Sports,Electronic Arts,1.75,0.03,0.0,0.08,1.86,86.0,39.0,6.7,41.0,EA Sports,E,Sports
96,NBA Live 2002,PS2,2001.0,Sports,Electronic Arts,0.91,0.71,0.0,0.24,1.86,70.0,16.0,7.4,8.0,Electronic Arts,E,Sports
97,NCAA Football 06,PS2,2005.0,Sports,Electronic Arts,1.53,0.05,0.0,0.25,1.84,87.0,25.0,8.5,36.0,EA Sports,E,Sports
98,Madden NFL 07,X360,2006.0,Sports,Electronic Arts,1.66,0.0,0.01,0.13,1.8,80.0,54.0,6,148.0,EA Tiburon,E,Sports
99,NBA 2K11,PS3,2010.0,Action,Take-Two Interactive,1.41,0.2,0.03,0.16,1.8,89.0,46.0,7.6,105.0,Visual Concepts,E,Action
100,FIFA Soccer 08,PS3,2007.0,Sports,Electronic Arts,0.35,1.06,0.02,0.31,1.75,81.0,28.0,7.1,47.0,EA Canada,E,Sports
101,SSX Tricky,PS2,2001.0,Sports,Electronic Arts,0.85,0.66,0.0,0.22,1.73,92.0,33.0,8.9,71.0,EA Canada,E,Sports
102,Madden NFL 2005,XB,2004.0,Sports,Electronic Arts,1.61,0.03,0.0,0.08,1.72,91.0,39.0,7.6,26.0,EA Tiburon,E,Sports
103,Need for Speed Underground,XB,2003.0,Racing,Electronic Arts,1.09,0.55,0.0,0.07,1.71,83.0,25.0,8.7,35.0,Electronic Arts,E,Sports
104,NCAA Football 07,PS2,2006.0,Sports,Electronic Arts,1.41,0.05,0.0,0.23,1.7,87.0,18.0,8.6,23.0,EA Sports,E,Sports
105,SSX 3,PS2,2003.0,Sports,Electronic Arts,0.93,0.52,0.0,0.22,1.67,93.0,41.0,9.1,125.0,EA Canada,E,Sports
106,NCAA Football 2004,PS2,2003.0,Sports,Electronic Arts,1.35,0.09,0.0,0.23,1.67,94.0,15.0,8.8,81.0,EA Sports,E,Sports
107,Shaun White Snowboarding: Road Trip,Wii,2008.0,Sports,Ubisoft,0.93,0.56,0.0,0.16,1.66,78.0,28.0,8.7,22.0,Ubisoft,E10+,Sports
108,NBA Live 2003,PS2,2002.0,Sports,Electronic Arts,1.25,0.15,0.03,0.22,1.66,83.0,22.0,8.3,28.0,EA Canada,E,Sports
109,Need for Speed Carbon,X360,2006.0,Racing,Electronic Arts,0.76,0.69,0.02,0.18,1.65,77.0,52.0,6.3,82.0,EA Canada,E10+,Sports
110,Tiger Woods PGA Tour 2003,PS2,2002.0,Sports,Electronic Arts,0.8,0.63,0.0,0.21,1.64,88.0,18.0,8.9,18.0,EA Sports,E,Sports
111,Prince of Persia: Warrior Within,PS2,2004.0,Action,Ubisoft,0.54,0.88,0.0,0.22,1.64,83.0,51.0,8.5,120.0,Ubisoft Montreal,M,Action
112,ESPN NFL 2K5,XB,2004.0,Sports,Sega,1.54,0.02,0.0,0.07,1.63,92.0,42.0,9.1,93.0,Visual Concepts,E,Sports
113,Pikmin,GC,2001.0,Strategy,Nintendo,0.78,0.25,0.56,0.04,1.63,89.0,39.0,8.7,121.0,Nintendo,E,Strategy
114,Tiger Woods PGA Tour 2004,PS2,2003.0,Sports,Electronic Arts,1.18,0.34,0.0,0.1,1.63,89.0,23.0,8.8,40.0,EA Sports,E,Sports
115,NCAA Football 2005,PS2,2004.0,Sports,Electronic Arts,1.32,0.09,0.0,0.22,1.62,88.0,29.0,8.8,35.0,EA Tiburon,E,Sports
116,NFL Street 2,PS2,2004.0,Sports,Electronic Arts,0.79,0.62,0.0,0.21,1.61,77.0,33.0,8.7,20.0,EA Tiburon,E,Sports
117,Far Cry 2,X360,2008.0,Action,Ubisoft,0.71,0.69,0.02,0.18,1.59,85.0,75.0,6.7,288.0,Ubisoft Montreal,M,Action
118,The Legend of Zelda: Twilight Princess,GC,2006.0,Action,Nintendo,1.15,0.36,0.04,0.04,1.59,96.0,16.0,9.2,568.0,Nintendo,T,Action
119,NCAA Football 2002,PS2,2001.0,Sports,Electronic Arts,0.77,0.6,0.0,0.2,1.57,90.0,18.0,8.7,24.0,EA Sports,E,Sports
120,Need for Speed: Most Wanted,X360,2012.0,Racing,Electronic Arts,0.62,0.78,0.01,0.15,1.56,83.0,54.0,8.5,134.0,EA Canada,T,Sports
121,Tom Clancy's Rainbow Six 3,XB,2003.0,Shooter,Ubisoft,0.91,0.57,0.0,0.07,1.55,86.0,39.0,8.5,31.0,Ubisoft,M,Action
122,MVP Baseball 2005,PS2,2005.0,Sports,Electronic Arts,1.26,0.07,0.0,0.21,1.54,87.0,25.0,8.6,47.0,EA Sports,E,Sports
123,Fight Night Round 4,PS3,2009.0,Fighting,Electronic Arts,0.92,0.4,0.0,0.2,1.52,88.0,46.0,7.6,95.0,EA Canada,T,Sports
124,The Simpsons Game,PS2,2007.0,Action,Electronic Arts,0.35,0.03,0.0,1.13,1.51,68.0,10.0,8.2,27.0,Electronic Arts,T,Action
125,Madden NFL 2001,PS2,2000.0,Sports,Electronic Arts,1.19,0.07,0.05,0.2,1.5,91.0,25.0,7.7,7.0,EA Sports,E,Sports
126,Madden NFL 09,PS2,2008.0,Sports,Electronic Arts,1.22,0.0,0.0,0.27,1.49,67.0,4.0,7,24.0,EA Tiburon,E,Sports
127,Fight Night 2004,PS2,2004.0,Fighting,Electronic Arts,1.08,0.2,0.0,0.2,1.48,85.0,43.0,9,25.0,EA Sports,T,Sports
128,Tiger Woods PGA Tour 2005,PS2,2004.0,Sports,Electronic Arts,1.03,0.32,0.0,0.09,1.44,88.0,30.0,8.2,20.0,EA Sports,E,Sports
129,NCAA Football 2003,PS2,2002.0,Sports,Electronic Arts,1.16,0.08,0.0,0.19,1.44,91.0,19.0,8.6,27.0,EA Sports,E,Sports
130,NFL Street,PS2,2004.0,Sports,Electronic Arts,1.15,0.08,0.0,0.19,1.42,80.0,36.0,8.9,45.0,EA Tiburon,E,Sports
131,Tiger Woods PGA Tour 09 All-Play,Wii,2008.0,Sports,Electronic Arts,0.8,0.47,0.0,0.14,1.42,81.0,18.0,8.7,34.0,EA Tiburon,E,Sports
132,NASCAR 2005: Chase for the Cup,PS2,2004.0,Racing,Electronic Arts,0.69,0.54,0.0,0.18,1.41,87.0,19.0,8.4,15.0,EA Tiburon,E,Sports
133,Fight Night Round 4,X360,2009.0,Fighting,Electronic Arts,0.95,0.33,0.0,0.13,1.4,87.0,76.0,8.1,86.0,EA Canada,T,Sports
134,Far Cry 2,PS3,2008.0,Action,Ubisoft,0.43,0.69,0.01,0.26,1.38,85.0,49.0,6.4,241.0,Ubisoft Montreal,M,Action
135,Hasbro Family Game Night 2,Wii,2009.0,Misc,Electronic Arts,0.7,0.52,0.0,0.13,1.35,63.0,16.0,6.3,6.0,Electronic Arts,E,Puzzle
136,FIFA Soccer 08,PSP,2007.0,Sports,Electronic Arts,0.2,0.76,0.0,0.39,1.35,79.0,7.0,7.4,15.0,EA Canada,E,Sports
137,FIFA Soccer 09,PSP,2008.0,Sports,Electronic Arts,0.23,0.73,0.02,0.37,1.35,84.0,8.0,8.9,21.0,EA Canada,E,Sports
138,FIFA Soccer 08,X360,2007.0,Sports,Electronic Arts,0.31,0.89,0.01,0.14,1.35,82.0,43.0,7.9,57.0,EA Canada,E,Sports
139,Tom Clancy's Rainbow Six: Vegas 2,PS3,2008.0,Shooter,Ubisoft,0.66,0.44,0.04,0.21,1.34,81.0,32.0,7.9,93.0,Ubisoft Montreal,M,Action
140,Donkey Kong Jungle Beat,GC,2004.0,Platform,Nintendo,0.84,0.22,0.24,0.04,1.34,80.0,49.0,8.3,30.0,Nintendo,E10+,Adventure
141,Need for Speed Carbon,PS2,2006.0,Racing,Electronic Arts,1.22,0.05,0.05,0.01,1.34,74.0,26.0,8.4,60.0,EA Canada,E10+,Sports
142,MVP Baseball 2004,PS2,2004.0,Sports,Electronic Arts,1.1,0.06,0.0,0.18,1.34,90.0,28.0,8.6,51.0,EA Sports,E,Sports
143,Your Shape: Fitness Evolved,X360,2010.0,Sports,Ubisoft,0.79,0.41,0.0,0.11,1.32,73.0,32.0,7.5,25.0,Ubisoft Montreal,E,Sports
144,NBA Live 07,PS2,2006.0,Sports,Electronic Arts,1.07,0.04,0.02,0.17,1.3,63.0,12.0,6,39.0,EA Sports,E,Sports
145,EA Playground,Wii,2007.0,Sports,Electronic Arts,0.68,0.47,0.0,0.13,1.29,66.0,32.0,7.6,30.0,EA Canada,E,Sports
146,Need for Speed Carbon,Wii,2006.0,Racing,Electronic Arts,0.45,0.66,0.02,0.15,1.28,67.0,21.0,7.3,26.0,EA Canada,E10+,Sports
147,NBA 2K9,X360,2008.0,Sports,Take-Two Interactive,1.0,0.16,0.0,0.11,1.27,84.0,32.0,7.2,44.0,Visual Concepts,E,Sports
148,EA Sports Active 2,Wii,2010.0,Sports,Electronic Arts,0.76,0.39,0.0,0.11,1.26,79.0,8.0,8.1,22.0,EA Canada,E,Sports
149,Need for Speed: Most Wanted,X360,2005.0,Racing,Electronic Arts,1.0,0.13,0.02,0.1,1.25,83.0,54.0,8.5,134.0,EA Canada,T,Sports
150,Tom Clancy's Rainbow Six: Vegas,PS3,2007.0,Shooter,Ubisoft,0.47,0.53,0.03,0.22,1.25,86.0,32.0,7.6,81.0,Ubisoft Montreal,M,Action
151,FIFA Street,PS3,2012.0,Sports,Electronic Arts,0.12,0.89,0.0,0.23,1.23,76.0,36.0,6.4,66.0,EA Sports,E,Sports
152,Need for Speed Carbon,PS3,2006.0,Racing,Electronic Arts,0.49,0.5,0.03,0.2,1.23,75.0,31.0,7.3,42.0,EA Canada,E10+,Sports
153,2010 FIFA World Cup South Africa,PS3,2010.0,Sports,Electronic Arts,0.3,0.64,0.07,0.22,1.23,82.0,56.0,7.8,57.0,EA Canada,E,Sports
154,NBA 2K2,PS2,2002.0,Sports,Sega,0.59,0.46,0.01,0.15,1.22,89.0,19.0,7.8,16.0,Visual Concepts,E,Sports
155,Need for Speed Underground,GC,2003.0,Racing,Electronic Arts,0.69,0.48,0.01,0.03,1.21,83.0,24.0,9,45.0,Electronic Arts,E,Sports
156,Medal of Honor: Airborne,PS3,2007.0,Shooter,Electronic Arts,0.25,0.69,0.03,0.25,1.21,75.0,16.0,7.6,39.0,Electronic Arts,T,Action
157,Pikmin 2,GC,2004.0,Strategy,Nintendo,0.48,0.13,0.56,0.03,1.2,90.0,54.0,9.1,137.0,Nintendo,E,Strategy
158,NHL 2002,PS2,2001.0,Sports,Electronic Arts,0.59,0.46,0.0,0.15,1.2,92.0,22.0,8.5,26.0,EA Sports,E,Sports
159,FIFA Soccer 11,PSP,2010.0,Sports,Electronic Arts,0.13,0.69,0.01,0.36,1.2,68.0,6.0,5.4,9.0,EA Sports,E,Sports
160,Just Dance 4,X360,2012.0,Misc,Ubisoft,0.9,0.19,0.0,0.09,1.18,77.0,23.0,7.7,36.0,Ubisoft,E10+,Puzzle
161,NASCAR Thunder 2002,PS2,2001.0,Racing,Electronic Arts,0.57,0.44,0.0,0.15,1.16,85.0,17.0,8.5,22.0,EA Sports,E,Sports
162,Your Shape: Fitness Evolved 2012,X360,2011.0,Sports,Ubisoft,0.7,0.36,0.0,0.1,1.16,77.0,13.0,7.6,21.0,Ubisoft,E,Sports
163,FIFA Soccer 10,PSP,2009.0,Sports,Electronic Arts,0.15,0.67,0.01,0.31,1.15,83.0,9.0,7.9,14.0,EA Sports,E,Sports
164,Tom Clancy's Rainbow Six 3: Black Arrow,XB,2004.0,Shooter,Ubisoft,0.99,0.12,0.0,0.02,1.13,84.0,55.0,8.6,14.0,Ubisoft Montreal,M,Action
165,Rocksmith,PS3,2011.0,Misc,Ubisoft,0.53,0.36,0.09,0.15,1.12,80.0,27.0,8.3,52.0,Ubisoft,T,Puzzle
166,Rocksmith,X360,2011.0,Misc,Ubisoft,0.84,0.19,0.01,0.08,1.12,77.0,30.0,8.2,62.0,Ubisoft,T,Puzzle
167,Fight Night Champion,PS3,2011.0,Fighting,Electronic Arts,0.45,0.49,0.0,0.18,1.11,84.0,52.0,7.3,95.0,EA Canada,M,Sports
168,Tom Clancy's Splinter Cell: Chaos Theory,XB,2005.0,Action,Ubisoft,0.68,0.38,0.0,0.05,1.11,94.0,70.0,9,160.0,Ubisoft Montreal,M,Action
169,Medal of Honor: Airborne,X360,2007.0,Shooter,Electronic Arts,0.45,0.52,0.01,0.12,1.1,73.0,54.0,6.7,77.0,Electronic Arts,T,Action
170,NCAA Football 14,X360,2013.0,Sports,Electronic Arts,1.01,0.0,0.0,0.08,1.09,77.0,18.0,5.8,74.0,EA Tiburon,E,Sports
171,Madden NFL 2004,XB,2003.0,Sports,Electronic Arts,1.02,0.02,0.0,0.05,1.09,92.0,27.0,8.3,48.0,EA Tiburon,E,Sports
172,The Godfather,PS2,2006.0,Action,Electronic Arts,0.89,0.03,0.01,0.15,1.09,75.0,56.0,8.3,99.0,Electronic Arts,M,Action
173,NCAA Football 13,X360,2012.0,Action,Electronic Arts,1.02,0.0,0.0,0.07,1.09,76.0,20.0,5.5,65.0,EA Tiburon,E,Action
174,NASCAR Thunder 2004,PS2,2003.0,Racing,Electronic Arts,0.53,0.41,0.0,0.14,1.08,88.0,15.0,8.9,77.0,EA Tiburon,E,Sports
175,FIFA Soccer 11,Wii,2010.0,Sports,Electronic Arts,0.26,0.69,0.0,0.12,1.07,73.0,17.0,7.3,8.0,EA Sports,E,Sports
176,Prince of Persia,PS3,2008.0,Action,Ubisoft,0.47,0.4,0.03,0.17,1.07,85.0,59.0,7.3,245.0,Ubisoft Montreal,T,Action
177,Tiger Woods PGA Tour 10,Wii,2009.0,Sports,Electronic Arts,0.6,0.36,0.0,0.11,1.07,88.0,44.0,8.8,57.0,EA Tiburon,E,Sports
178,NBA Street V3,PS2,2005.0,Sports,Electronic Arts,0.52,0.41,0.0,0.14,1.06,89.0,36.0,8.7,37.0,EA Canada,E,Sports
179,NBA 2K3,PS2,2002.0,Sports,Sega,0.51,0.4,0.0,0.13,1.05,89.0,21.0,8,22.0,Visual Concepts,E,Sports
180,MVP Baseball 2003,PS2,2003.0,Sports,Electronic Arts,0.51,0.4,0.0,0.13,1.04,81.0,22.0,8.9,17.0,EA Sports,E,Sports
181,Need for Speed: Most Wanted,XB,2005.0,Racing,Electronic Arts,0.53,0.46,0.0,0.05,1.04,83.0,32.0,8.8,29.0,EA Canada,T,Sports
182,MySims Agents,Wii,2009.0,Adventure,Electronic Arts,0.61,0.32,0.0,0.1,1.03,78.0,28.0,8.6,28.0,Electronic Arts,E,Adventure
183,FIFA Soccer 08,Wii,2007.0,Sports,Electronic Arts,0.32,0.59,0.01,0.11,1.02,65.0,13.0,6.1,26.0,EA Canada,E,Sports
184,Madden NFL 07,XB,2006.0,Sports,Electronic Arts,0.97,0.03,0.0,0.03,1.02,83.0,27.0,8.7,6.0,EA Tiburon,E,Sports
185,Assassin's Creed: Rogue,X360,2014.0,Action,Ubisoft,0.58,0.34,0.0,0.09,1.01,72.0,32.0,7.3,318.0,Ubisoft,M,Action
186,Prince of Persia,X360,2008.0,Action,Ubisoft,0.54,0.34,0.02,0.1,1.01,81.0,73.0,7,189.0,Ubisoft Montreal,T,Action
187,Just Dance 2014,X360,2013.0,Misc,Ubisoft,0.72,0.17,0.0,0.1,0.99,79.0,16.0,7.8,33.0,Ubisoft,E10+,Puzzle
188,NCAA Football 12,X360,2011.0,Sports,Electronic Arts,0.94,0.0,0.0,0.06,0.99,82.0,25.0,6.6,49.0,EA Sports,E,Sports
189,FIFA Soccer 10,Wii,2009.0,Sports,Electronic Arts,0.23,0.64,0.0,0.11,0.98,75.0,21.0,6.2,17.0,EA Sports,E,Sports
190,NBA 2K10,X360,2009.0,Sports,Take-Two Interactive,0.88,0.02,0.0,0.08,0.97,82.0,46.0,7.6,34.0,Visual Concepts,E,Sports
191,NCAA Football 06,XB,2005.0,Sports,Electronic Arts,0.73,0.21,0.0,0.03,0.97,87.0,38.0,8.3,27.0,EA Sports,E,Sports
192,Madden NFL 08,PS3,2007.0,Sports,Electronic Arts,0.89,0.0,0.0,0.08,0.97,81.0,31.0,5.3,33.0,EA Tiburon,E,Sports
193,NHL 2004,PS2,2003.0,Sports,Electronic Arts,0.47,0.37,0.0,0.12,0.97,85.0,19.0,7.6,53.0,EA Sports,E,Sports
194,FIFA Soccer 2005,XB,2004.0,Sports,Electronic Arts,0.33,0.6,0.0,0.04,0.97,81.0,34.0,8.7,23.0,EA Canada,E,Sports
195,Far Cry 3,PC,2012.0,Shooter,Ubisoft,0.22,0.62,0.0,0.12,0.96,88.0,43.0,8.2,3183.0,Ubisoft Montreal,M,Action
196,NHL 2001,PS2,2000.0,Sports,Electronic Arts,0.47,0.37,0.0,0.12,0.96,85.0,22.0,8.1,9.0,EA Sports,E,Sports
197,Tom Clancy's Splinter Cell: Chaos Theory,PS2,2005.0,Action,Ubisoft,0.36,0.45,0.0,0.14,0.95,87.0,29.0,8.6,53.0,Ubisoft Montreal,M,Action
198,NCAA Football 10,X360,2009.0,Sports,Electronic Arts,0.87,0.0,0.0,0.07,0.94,83.0,26.0,6.7,37.0,EA Tiburon,E,Sports
199,Prince of Persia: The Sands of Time,XB,2003.0,Action,Ubisoft,0.57,0.33,0.0,0.04,0.94,92.0,41.0,7.8,72.0,Ubisoft,T,Action
200,NHL 2003,PS2,2002.0,Sports,Electronic Arts,0.46,0.36,0.0,0.12,0.93,79.0,20.0,6.8,18.0,EA Sports,E,Sports
201,Assassin's Creed III,PC,2012.0,Action,Ubisoft,0.28,0.53,0.0,0.12,0.93,80.0,21.0,6.2,1489.0,Ubisoft,M,Action
202,NCAA Football 11,X360,2010.0,Sports,Electronic Arts,0.86,0.0,0.0,0.06,0.92,86.0,29.0,7.1,70.0,EA Tiburon,E,Sports
203,Wii Play: Motion,Wii,2011.0,Misc,Nintendo,0.23,0.42,0.18,0.09,0.92,60.0,34.0,6.1,16.0,Nintendo,E10+,Puzzle
204,EA Sports Active 2,PS3,2010.0,Sports,Electronic Arts,0.52,0.27,0.0,0.12,0.91,78.0,20.0,5.4,14.0,EA Canada,E,Sports
205,Knockout Kings 2002,PS2,2002.0,Sports,Electronic Arts,0.45,0.35,0.0,0.12,0.91,76.0,23.0,8.1,12.0,Electronic Arts,T,Sports
206,SSX,PS3,2012.0,Sports,Electronic Arts,0.35,0.41,0.02,0.14,0.91,81.0,38.0,6.8,110.0,EA Canada,E,Sports
207,Tiger Woods PGA Tour 2002,PS2,2002.0,Sports,Electronic Arts,0.44,0.35,0.0,0.12,0.9,80.0,23.0,7.6,5.0,EA Sports,E,Sports
208,James Bond 007: Agent Under Fire,XB,2002.0,Shooter,Electronic Arts,0.65,0.22,0.0,0.03,0.9,71.0,16.0,7.5,15.0,Electronic Arts,T,Action
209,NBA Live 2005,XB,2004.0,Sports,Electronic Arts,0.81,0.05,0.0,0.04,0.9,85.0,28.0,7.6,14.0,EA Canada,E,Sports
210,Tiger Woods PGA Tour 06,PS2,2005.0,Sports,Electronic Arts,0.74,0.03,0.0,0.12,0.89,83.0,29.0,6.2,16.0,EA Sports,E,Sports
211,FIFA Street,X360,2012.0,Sports,Electronic Arts,0.17,0.62,0.0,0.1,0.89,77.0,47.0,6.7,58.0,EA Sports,E,Sports
212,NFL 2K2,PS2,2001.0,Sports,Sega,0.44,0.34,0.0,0.11,0.89,85.0,16.0,7.5,6.0,Visual Concepts,E,Sports
213,Tiger Woods PGA Tour 12: The Masters,PS3,2011.0,Sports,Electronic Arts,0.52,0.25,0.0,0.11,0.89,80.0,41.0,7.3,17.0,Electronic Arts,E,Sports
214,FIFA Soccer 09 All-Play,Wii,2008.0,Sports,Electronic Arts,0.28,0.51,0.0,0.09,0.89,80.0,18.0,8.4,22.0,EA Canada,E,Sports
215,NCAA Football 13,PS3,2012.0,Action,Electronic Arts,0.82,0.0,0.0,0.07,0.89,79.0,9.0,4.1,34.0,EA Tiburon,E,Action
216,NBA 2K6,PS2,2005.0,Action,Take-Two Interactive,0.43,0.34,0.0,0.11,0.88,84.0,23.0,8.3,13.0,Visual Concepts,E,Action
217,Monster 4X4: World Circuit,Wii,2006.0,Racing,Ubisoft,0.8,0.0,0.01,0.07,0.88,51.0,11.0,7.8,17.0,Ubisoft,E,Sports
218,Madden NFL 08,Wii,2007.0,Sports,Electronic Arts,0.8,0.0,0.0,0.07,0.87,76.0,29.0,6.8,27.0,EA Tiburon,E,Sports
219,Michael Jackson: The Experience,X360,2011.0,Misc,Ubisoft,0.62,0.18,0.0,0.07,0.87,63.0,31.0,6.8,29.0,Ubisoft Montreal,E10+,Puzzle
220,Fight Night Round 2,PS2,2005.0,Fighting,Electronic Arts,0.72,0.03,0.0,0.12,0.87,88.0,37.0,9,37.0,EA Sports,T,Sports
221,2010 FIFA World Cup South Africa,X360,2010.0,Sports,Electronic Arts,0.32,0.42,0.02,0.09,0.85,83.0,61.0,8.1,58.0,Electronic Arts,E,Sports
222,NBA 2K8,X360,2007.0,Sports,Take-Two Interactive,0.79,0.0,0.0,0.07,0.85,81.0,33.0,7,28.0,Visual Concepts,E,Sports
223,Tiger Woods PGA Tour 2005,XB,2004.0,Sports,Electronic Arts,0.64,0.18,0.0,0.03,0.85,88.0,26.0,8.9,14.0,EA Sports,E,Sports
224,NCAA Football 11,PS3,2010.0,Sports,Electronic Arts,0.79,0.0,0.0,0.06,0.85,85.0,22.0,7.4,25.0,EA Tiburon,E,Sports
225,NBA 2K10,PS3,2009.0,Sports,Take-Two Interactive,0.75,0.01,0.01,0.07,0.84,83.0,30.0,7.8,39.0,Visual Concepts,E,Sports
226,ESPN College Hoops 2K5,PS2,2004.0,Sports,Sega,0.41,0.32,0.0,0.11,0.84,86.0,14.0,8.1,10.0,Visual Concepts,E,Sports
227,NCAA Football 14,PS3,2013.0,Sports,Electronic Arts,0.75,0.0,0.0,0.09,0.84,77.0,9.0,6.2,40.0,EA Tiburon,E,Sports
228,Blazing Angels: Squadrons of WWII,Wii,2007.0,Simulation,Ubisoft,0.74,0.04,0.0,0.06,0.83,57.0,11.0,6.7,28.0,Ubisoft,T,Strategy
229,Madden NFL 09 All-Play,Wii,2008.0,Sports,Electronic Arts,0.76,0.01,0.0,0.06,0.83,82.0,19.0,7.2,22.0,EA Tiburon,E,Sports
230,NCAA Football 12,PS3,2011.0,Sports,Electronic Arts,0.78,0.0,0.0,0.05,0.83,82.0,17.0,5.8,41.0,EA Sports,E,Sports
231,Tiger Woods PGA Tour 11,PS3,2010.0,Sports,Electronic Arts,0.37,0.33,0.0,0.13,0.83,78.0,40.0,6.7,17.0,EA Sports,E,Sports
232,The Legend of Zelda: Four Swords Adventures,GC,2004.0,Action,Nintendo,0.63,0.16,0.0,0.02,0.81,86.0,55.0,7.2,74.0,Nintendo,E,Action
233,NCAA Football 10,PS3,2009.0,Sports,Electronic Arts,0.75,0.0,0.0,0.06,0.81,80.0,20.0,6.9,14.0,EA Tiburon,E,Sports
234,Prince of Persia: Warrior Within,XB,2004.0,Action,Ubisoft,0.48,0.28,0.0,0.04,0.8,83.0,55.0,7.5,35.0,Ubisoft Montreal,M,Action
235,NCAA Football 08,PS2,2007.0,Sports,Electronic Arts,0.65,0.03,0.0,0.11,0.79,83.0,6.0,8.3,23.0,EA Tiburon,E,Sports
236,FIFA Soccer 2004,XB,2003.0,Sports,Electronic Arts,0.24,0.49,0.0,0.05,0.79,82.0,20.0,8.2,23.0,EA Canada,E,Sports
237,Tiger Woods PGA Tour 10,PS3,2009.0,Sports,Electronic Arts,0.42,0.25,0.0,0.11,0.78,81.0,38.0,7.7,9.0,EA Tiburon,E,Sports
238,Fight Night Champion,X360,2011.0,Fighting,Electronic Arts,0.4,0.31,0.0,0.07,0.78,86.0,59.0,7.4,105.0,EA Canada,M,Sports
239,Madden NFL 06,PSP,2005.0,Sports,Electronic Arts,0.69,0.0,0.0,0.06,0.75,75.0,23.0,7.9,16.0,EA Tiburon,E,Sports
240,Raving Rabbids: Travel in Time,Wii,2010.0,Adventure,Ubisoft,0.21,0.46,0.0,0.08,0.75,62.0,24.0,7.6,14.0,Ubisoft,E10+,Adventure
241,MVP 06 NCAA Baseball,PS2,2006.0,Sports,Electronic Arts,0.62,0.02,0.0,0.1,0.75,76.0,27.0,9,18.0,EA Canada,E,Sports
242,Assassin's Creed: Revelations,PC,2011.0,Action,Ubisoft,0.14,0.48,0.0,0.12,0.74,80.0,20.0,7.4,771.0,Ubisoft Montreal,M,Action
243,Tom Clancy's Rainbow Six: Vegas,PSP,2007.0,Shooter,Ubisoft,0.42,0.19,0.0,0.13,0.74,60.0,20.0,7.1,31.0,Ubisoft Montreal,T,Action
244,NHL 11,X360,2010.0,Sports,Electronic Arts,0.61,0.07,0.0,0.05,0.73,88.0,49.0,7.7,71.0,Electronic Arts,E10+,Sports
245,NCAA Football 07,X360,2006.0,Sports,Electronic Arts,0.67,0.0,0.0,0.06,0.73,79.0,43.0,6.9,20.0,EA Sports,E,Sports
246,James Bond 007: Agent Under Fire,GC,2002.0,Shooter,Electronic Arts,0.56,0.15,0.0,0.02,0.72,74.0,16.0,6.8,25.0,Electronic Arts,T,Action
247,Monopoly Streets,Wii,2010.0,Misc,Electronic Arts,0.23,0.42,0.0,0.08,0.72,65.0,9.0,5.2,5.0,Electronic Arts,E,Puzzle
248,NBA Live 08,PS2,2007.0,Sports,Electronic Arts,0.59,0.02,0.01,0.1,0.72,68.0,10.0,6.6,9.0,EA Canada,E,Sports
249,Madden NFL 10,Wii,2009.0,Sports,Electronic Arts,0.62,0.04,0.0,0.06,0.72,77.0,23.0,7.2,24.0,EA Tiburon,E,Sports
250,Madden NFL 2003,XB,2002.0,Sports,Electronic Arts,0.67,0.02,0.0,0.03,0.71,92.0,16.0,8.3,16.0,EA Tiburon,E,Sports
251,Madden NFL 08,PSP,2007.0,Sports,Electronic Arts,0.6,0.04,0.0,0.07,0.71,75.0,10.0,6.8,8.0,EA Tiburon,E,Sports
252,Madden NFL 09,PSP,2008.0,Sports,Electronic Arts,0.65,0.0,0.0,0.06,0.71,68.0,8.0,6.5,4.0,EA Tiburon,E,Sports
253,NBA Live 09,X360,2008.0,Sports,Electronic Arts,0.5,0.14,0.0,0.07,0.71,77.0,32.0,7.4,14.0,EA Canada,E,Sports
254,NCAA Football 09,X360,2008.0,Sports,Electronic Arts,0.65,0.0,0.0,0.05,0.71,83.0,24.0,7.7,26.0,EA Tiburon,E,Sports
255,SSX,X360,2012.0,Sports,Electronic Arts,0.38,0.26,0.0,0.06,0.7,82.0,65.0,6.4,186.0,EA Canada,E,Sports
256,NCAA Football 08,X360,2007.0,Sports,Electronic Arts,0.65,0.0,0.0,0.05,0.7,81.0,30.0,7.8,44.0,EA Sports,E,Sports
257,NHL 12,X360,2011.0,Sports,Electronic Arts,0.55,0.1,0.0,0.05,0.7,86.0,56.0,7,72.0,Electronic Arts,E10+,Sports
258,NASCAR 2001,PS2,2000.0,Racing,Electronic Arts,0.34,0.27,0.0,0.09,0.7,66.0,16.0,6.6,9.0,EA Sports,E,Sports
259,Prince of Persia: The Forgotten Sands,PS3,2010.0,Action,Ubisoft,0.19,0.36,0.01,0.12,0.69,75.0,49.0,7.6,120.0,Ubisoft Montreal,T,Action
260,NBA Street Vol. 2,XB,2003.0,Sports,Electronic Arts,0.62,0.04,0.0,0.02,0.68,89.0,22.0,8.8,24.0,Electronic Arts,E,Sports
261,NCAA Football 2005,XB,2004.0,Sports,Electronic Arts,0.63,0.02,0.0,0.03,0.68,89.0,29.0,8,12.0,EA Sports,E,Sports
262,Prince of Persia: The Two Thrones,PS2,2005.0,Action,Ubisoft,0.57,0.02,0.0,0.09,0.68,85.0,46.0,8.5,111.0,Ubisoft Montreal,M,Action
263,FIFA Soccer 06,XB,2005.0,Sports,Electronic Arts,0.29,0.38,0.0,0.01,0.68,80.0,39.0,7.5,22.0,EA Canada,E,Sports
264,Fight Night 2004,XB,2004.0,Fighting,Electronic Arts,0.51,0.15,0.0,0.02,0.68,85.0,47.0,8.7,20.0,EA Sports,T,Sports
265,NFL Street,XB,2004.0,Sports,Electronic Arts,0.49,0.15,0.0,0.02,0.66,81.0,38.0,8.8,9.0,EA Tiburon,E,Sports
266,Blazing Angels: Squadrons of WWII,PS3,2006.0,Simulation,Ubisoft,0.35,0.22,0.0,0.1,0.66,67.0,26.0,6.9,9.0,Ubisoft,T,Strategy
267,NHL 10,X360,2009.0,Sports,Electronic Arts,0.51,0.1,0.0,0.06,0.66,88.0,52.0,8.4,71.0,EA Canada,E10+,Sports
268,NHL 13,X360,2012.0,Sports,Electronic Arts,0.51,0.1,0.0,0.05,0.66,83.0,44.0,6.6,86.0,Electronic Arts,E10+,Sports
269,Shaun White Snowboarding,PS3,2008.0,Sports,Ubisoft,0.31,0.23,0.01,0.1,0.65,63.0,30.0,6.3,26.0,Ubisoft Montreal,T,Sports
270,Monster Jam: Maximum Destruction,PS2,2002.0,Racing,Ubisoft,0.32,0.25,0.0,0.08,0.65,47.0,11.0,6,6.0,Ubisoft,T,Sports
271,Tiger Woods PGA Tour 09,PS3,2008.0,Sports,Electronic Arts,0.34,0.22,0.0,0.1,0.65,82.0,34.0,7.2,9.0,EA Tiburon,E,Sports
272,Tiger Woods PGA Tour 09,X360,2008.0,Sports,Electronic Arts,0.35,0.23,0.0,0.07,0.65,84.0,41.0,7.8,29.0,EA Tiburon,E,Sports
273,Harry Potter and the Goblet of Fire,PS2,2005.0,Action,Electronic Arts,0.54,0.02,0.0,0.09,0.65,68.0,29.0,6.7,48.0,Electronic Arts,E10+,Action
274,Tiger Woods PGA Tour 10,X360,2009.0,Sports,Electronic Arts,0.39,0.2,0.0,0.06,0.65,80.0,51.0,6.9,20.0,EA Tiburon,E,Sports
275,Assassin's Creed IV: Black Flag,PC,2013.0,Action,Ubisoft,0.22,0.38,0.0,0.05,0.64,84.0,10.0,7.7,1470.0,Ubisoft,M,Action
276,NBA Live 06,XB,2005.0,Sports,Electronic Arts,0.57,0.04,0.0,0.03,0.64,79.0,30.0,6.4,15.0,EA Canada,E,Sports
277,NHL 13,PS3,2012.0,Sports,Electronic Arts,0.33,0.21,0.0,0.09,0.64,84.0,22.0,6.8,60.0,Electronic Arts,E10+,Sports
278,NBA Live 08,PS3,2007.0,Sports,Electronic Arts,0.56,0.02,0.01,0.05,0.63,73.0,28.0,6.8,10.0,EA Canada,E,Sports
279,FIFA Soccer 2003,XB,2002.0,Sports,Electronic Arts,0.2,0.4,0.0,0.04,0.63,88.0,11.0,7.7,11.0,EA Canada,E,Sports
280,Far Cry 4,PC,2014.0,Shooter,Ubisoft,0.15,0.44,0.0,0.04,0.63,80.0,17.0,6.7,1064.0,Ubisoft Montreal,M,Action
281,NASCAR 06: Total Team Control,PS2,2005.0,Racing,Electronic Arts,0.53,0.02,0.0,0.09,0.63,78.0,18.0,7.7,18.0,EA Sports,E,Sports
282,FIFA Soccer 2002,PS2,2001.0,Sports,Electronic Arts,0.31,0.24,0.0,0.08,0.63,82.0,17.0,5.8,28.0,EA Sports,E,Sports
283,Madden NFL 07,GC,2006.0,Sports,Electronic Arts,0.48,0.13,0.0,0.02,0.62,82.0,14.0,9.2,5.0,EA Tiburon,E,Sports
284,Tiger Woods PGA Tour 2004,XB,2003.0,Sports,Electronic Arts,0.47,0.13,0.0,0.02,0.62,89.0,18.0,8.2,14.0,EA Sports,E,Sports
285,Just Dance 3,PS3,2011.0,Misc,Ubisoft,0.33,0.2,0.0,0.09,0.62,75.0,5.0,6,7.0,Ubisoft,E10+,Puzzle
286,Prince of Persia: The Forgotten Sands,X360,2010.0,Action,Ubisoft,0.3,0.26,0.0,0.06,0.62,74.0,69.0,7.8,112.0,Ubisoft Montreal,T,Action
287,Tiger Woods PGA Tour 12: The Masters,X360,2011.0,Sports,Electronic Arts,0.4,0.16,0.0,0.05,0.62,80.0,50.0,6.1,25.0,Electronic Arts,E,Sports
288,2014 FIFA World Cup Brazil,PS3,2014.0,Sports,Electronic Arts,0.15,0.36,0.01,0.09,0.61,73.0,33.0,4.3,87.0,EA Canada,E,Sports
289,NBA 2K9,PS3,2008.0,Sports,Take-Two Interactive,0.56,0.0,0.0,0.05,0.61,82.0,30.0,7,37.0,Visual Concepts,E,Sports
290,Wave Race: Blue Storm,GC,2001.0,Racing,Nintendo,0.4,0.1,0.09,0.02,0.6,80.0,21.0,8.3,29.0,Nintendo,E,Sports
291,Fight Night Round 2,XB,2005.0,Fighting,Electronic Arts,0.42,0.16,0.0,0.02,0.6,88.0,48.0,8.8,27.0,EA Sports,T,Sports
292,NBA 2K8,PS2,2007.0,Sports,Take-Two Interactive,0.5,0.02,0.0,0.08,0.6,72.0,7.0,6,9.0,Visual Concepts,E,Sports
293,Fighters Uncaged,X360,2010.0,Fighting,Ubisoft,0.31,0.23,0.0,0.06,0.6,32.0,38.0,4.6,23.0,Ubisoft,T,Sports
294,Rayman Arena,PS2,2001.0,Racing,Ubisoft,0.29,0.23,0.0,0.08,0.6,63.0,10.0,8.6,8.0,Ubisoft,E,Sports
295,NHL 11,PS3,2010.0,Sports,Electronic Arts,0.4,0.12,0.0,0.07,0.59,88.0,38.0,7.1,54.0,Electronic Arts,E10+,Sports
296,2002 FIFA World Cup,PS2,2002.0,Sports,Electronic Arts,0.21,0.17,0.16,0.06,0.59,73.0,19.0,5.6,18.0,EA Sports,E,Sports
297,MVP Baseball 2004,XB,2004.0,Sports,Electronic Arts,0.44,0.13,0.0,0.02,0.59,90.0,31.0,8.5,19.0,EA Sports,E,Sports
298,Assassin's Creed: Brotherhood,PC,2011.0,Action,Ubisoft,0.15,0.34,0.0,0.1,0.59,88.0,24.0,8.2,1102.0,Ubisoft Montreal,M,Action
299,Naruto: The Broken Bond,X360,2008.0,Action,Ubisoft,0.24,0.28,0.0,0.06,0.59,80.0,34.0,7.8,46.0,Ubisoft Montreal,T,Action
300,Lost: Via Domus,X360,2008.0,Action,Ubisoft,0.18,0.34,0.0,0.07,0.58,55.0,50.0,6.4,58.0,Ubisoft Montreal,T,Action
301,NCAA Football 09,PS3,2008.0,Sports,Electronic Arts,0.54,0.0,0.0,0.04,0.58,81.0,20.0,7.3,25.0,EA Tiburon,E,Sports
302,NHL 12,PS3,2011.0,Sports,Electronic Arts,0.36,0.15,0.0,0.07,0.58,86.0,33.0,7.5,52.0,Electronic Arts,E10+,Sports
303,Prince of Persia: The Two Thrones,XB,2005.0,Action,Ubisoft,0.33,0.22,0.0,0.03,0.58,85.0,46.0,8.4,28.0,Ubisoft,M,Action
304,NHL 06,PS2,2005.0,Sports,Electronic Arts,0.48,0.02,0.0,0.08,0.58,78.0,27.0,8.5,29.0,EA Canada,E10+,Sports
305,Skate it,Wii,2008.0,Sports,Electronic Arts,0.5,0.03,0.0,0.04,0.58,70.0,37.0,8.4,25.0,Electronic Arts,E,Sports
306,Far Cry Instincts,XB,2005.0,Shooter,Ubisoft,0.32,0.24,0.0,0.02,0.57,85.0,56.0,5.7,73.0,Ubisoft Montreal,M,Action
307,Madden NFL 06,GC,2005.0,Sports,Electronic Arts,0.44,0.11,0.0,0.02,0.57,86.0,21.0,8.5,11.0,EA Sports,E,Sports
308,NHL 10,PS3,2009.0,Sports,Electronic Arts,0.38,0.12,0.0,0.07,0.57,88.0,35.0,7.9,40.0,EA Canada,E10+,Sports
309,FIFA World Cup Germany 2006,PS2,2006.0,Sports,Electronic Arts,0.47,0.02,0.0,0.08,0.57,77.0,28.0,8.1,33.0,EA Canada,E,Sports
310,Arena Football,PS2,2006.0,Sports,Electronic Arts,0.28,0.22,0.0,0.07,0.56,66.0,18.0,8.6,14.0,EA Tiburon,E10+,Sports
311,NCAA March Madness 07,PS2,2007.0,Sports,Electronic Arts,0.28,0.22,0.0,0.07,0.56,63.0,9.0,8.6,7.0,EA Canada,E,Sports
312,Need for Speed: Most Wanted,GC,2005.0,Racing,Electronic Arts,0.43,0.11,0.0,0.02,0.56,80.0,18.0,9.1,22.0,EA Canada,T,Sports
313,ESPN NFL Football,PS2,2003.0,Sports,Sega,0.27,0.21,0.0,0.07,0.56,91.0,20.0,8.5,25.0,Visual Concepts,E,Sports
314,TMNT,X360,2007.0,Action,Ubisoft,0.48,0.03,0.0,0.05,0.56,58.0,31.0,6.3,32.0,Ubisoft Montreal,E10+,Action
315,NCAA Football 07,XB,2006.0,Sports,Electronic Arts,0.42,0.12,0.0,0.01,0.56,88.0,20.0,6.9,10.0,EA Sports,E,Sports
316,Batman: Vengeance,PS2,2001.0,Adventure,Ubisoft,0.27,0.21,0.0,0.07,0.55,68.0,19.0,6.7,12.0,Ubisoft,T,Adventure
317,NBA 2K8,PS3,2007.0,Sports,Take-Two Interactive,0.5,0.01,0.0,0.05,0.55,81.0,18.0,6.8,19.0,Visual Concepts,E,Sports
318,Assassin's Creed II,PC,2010.0,Action,Ubisoft,0.01,0.45,0.0,0.09,0.55,86.0,22.0,6.9,1611.0,Ubisoft Montreal,M,Action
319,NHL 14,PS3,2013.0,Sports,Electronic Arts,0.28,0.17,0.0,0.09,0.54,80.0,22.0,6,79.0,Electronic Arts,E10+,Sports
320,Tiger Woods PGA Tour 13,PS3,2012.0,Sports,Electronic Arts,0.24,0.21,0.0,0.08,0.54,75.0,14.0,5.7,9.0,Electronic Arts,E,Sports
321,Tiger Woods PGA Tour 11,Wii,2010.0,Sports,Electronic Arts,0.23,0.25,0.0,0.06,0.54,84.0,29.0,8.3,23.0,EA Sports,E,Sports
322,NBA Live 10,PS3,2009.0,Sports,Electronic Arts,0.46,0.02,0.01,0.05,0.54,81.0,32.0,7.5,25.0,EA Canada,E,Sports
323,ESPN NBA Basketball,PS2,2003.0,Sports,Sega,0.26,0.21,0.0,0.07,0.54,89.0,18.0,8.4,38.0,Visual Concepts,E,Sports
324,NHL 14,X360,2013.0,Sports,Electronic Arts,0.4,0.09,0.0,0.05,0.54,81.0,30.0,5.9,92.0,Electronic Arts,E10+,Sports
325,Harry Potter and the Deathly Hallows - Part 1,Wii,2010.0,Action,Electronic Arts,0.22,0.27,0.0,0.05,0.54,41.0,8.0,5,11.0,Electronic Arts,T,Action
326,NCAA March Madness 06,PS2,2005.0,Sports,Electronic Arts,0.45,0.02,0.0,0.07,0.53,78.0,19.0,9.1,13.0,EA Canada,E,Sports
327,NCAA March Madness 2005,PS2,2004.0,Sports,Electronic Arts,0.44,0.02,0.0,0.07,0.53,78.0,19.0,8.3,13.0,EA Canada,E,Sports
328,Michael Jackson: The Experience,PS3,2011.0,Misc,Ubisoft,0.25,0.19,0.0,0.08,0.52,66.0,11.0,8.4,16.0,Ubisoft Montreal,E10+,Puzzle
329,Tiger Woods PGA Tour 11,X360,2010.0,Sports,Electronic Arts,0.28,0.19,0.0,0.05,0.52,79.0,51.0,7.8,19.0,EA Sports,E,Sports
330,NBA Live 08,X360,2007.0,Sports,Electronic Arts,0.47,0.0,0.0,0.04,0.52,73.0,37.0,5.3,19.0,EA Canada,E,Sports
331,NCAA Football 2003,XB,2002.0,Sports,Electronic Arts,0.39,0.11,0.0,0.02,0.52,90.0,14.0,8.2,15.0,EA Sports,E,Sports
332,Madden NFL 07,PS3,2006.0,Sports,Electronic Arts,0.47,0.0,0.01,0.04,0.52,76.0,25.0,4.2,22.0,EA Tiburon,E,Sports
333,NBA Live 09,PS3,2008.0,Sports,Electronic Arts,0.46,0.0,0.02,0.04,0.52,75.0,32.0,7.8,15.0,EA Canada,E,Sports
334,SSX On Tour,PS2,2005.0,Sports,Electronic Arts,0.25,0.2,0.0,0.07,0.52,80.0,41.0,7.9,26.0,EA Canada,E,Sports
335,Madden NFL 2004,GC,2003.0,Sports,Electronic Arts,0.4,0.1,0.0,0.01,0.51,94.0,19.0,7.7,17.0,EA Tiburon,E,Sports
336,NBA Live 07,PSP,2006.0,Sports,Electronic Arts,0.47,0.0,0.0,0.04,0.51,64.0,9.0,7.5,4.0,EA Sports,E,Sports
337,Major League Baseball 2K10,X360,2010.0,Sports,Take-Two Interactive,0.47,0.0,0.0,0.04,0.51,76.0,26.0,7.6,38.0,Visual Concepts,E,Sports
338,NBA Live 2004,XB,2003.0,Sports,Electronic Arts,0.44,0.04,0.0,0.02,0.51,85.0,19.0,8.2,11.0,EA Sports,E,Sports
339,NHL 07,PS2,2006.0,Sports,Electronic Arts,0.42,0.02,0.0,0.07,0.51,76.0,11.0,4.6,51.0,EA Sports,E10+,Sports
340,Tiger Woods PGA Tour 13,X360,2012.0,Sports,Electronic Arts,0.29,0.18,0.0,0.04,0.51,77.0,47.0,5.6,39.0,Electronic Arts,E,Sports
341,NHL 09,X360,2008.0,Sports,Electronic Arts,0.45,0.01,0.0,0.04,0.5,88.0,41.0,8.4,61.0,EA Canada,E10+,Sports
342,Lost: Via Domus,PS3,2008.0,Action,Ubisoft,0.19,0.22,0.0,0.09,0.5,54.0,30.0,6.9,28.0,Ubisoft Montreal,T,Action
343,Major League Baseball 2K12,X360,2012.0,Sports,Take-Two Interactive,0.47,0.0,0.0,0.03,0.5,68.0,19.0,6.4,22.0,Visual Concepts,E,Sports
344,NBA Street Homecourt,X360,2007.0,Sports,Electronic Arts,0.45,0.01,0.0,0.04,0.5,80.0,42.0,8.2,30.0,EA Canada,E,Sports
345,Madden NFL 07,Wii,2006.0,Sports,Electronic Arts,0.46,0.0,0.0,0.04,0.49,81.0,35.0,8,16.0,EA Canada,E,Sports
346,Far Cry 2,PC,2008.0,Action,Ubisoft,0.01,0.45,0.0,0.03,0.48,85.0,34.0,5.8,1345.0,Ubisoft Montreal,M,Action
347,NFL Street 2,XB,2004.0,Sports,Electronic Arts,0.36,0.11,0.0,0.02,0.48,78.0,44.0,6.5,11.0,EA Tiburon,E,Sports
348,Tiger Woods PGA Tour 06,XB,2005.0,Sports,Electronic Arts,0.35,0.11,0.0,0.02,0.48,81.0,30.0,5.1,11.0,EA Sports,E,Sports
349,FIFA World Cup Germany 2006,X360,2006.0,Sports,Electronic Arts,0.19,0.27,0.01,0.0,0.48,72.0,49.0,6.6,33.0,EA Canada,E,Sports
350,Need for Speed Carbon,XB,2006.0,Racing,Electronic Arts,0.35,0.1,0.0,0.02,0.47,74.0,19.0,7.4,11.0,EA Canada,E10+,Sports
351,2010 FIFA World Cup South Africa,PSP,2010.0,Sports,Electronic Arts,0.09,0.22,0.03,0.12,0.46,69.0,11.0,7.4,9.0,Electronic Arts,E,Sports
352,SimCity Creator,Wii,2008.0,Simulation,Electronic Arts,0.36,0.02,0.04,0.04,0.46,67.0,17.0,6.8,13.0,Electronic Arts,E,Strategy
353,NBA Live 07,X360,2006.0,Sports,Electronic Arts,0.42,0.0,0.0,0.04,0.46,59.0,32.0,4.9,60.0,EA Sports,E,Sports
354,NFL Head Coach,PS2,2006.0,Sports,Electronic Arts,0.38,0.01,0.0,0.06,0.45,66.0,22.0,6.9,15.0,EA Tiburon,E,Sports
355,NHL 2005,PS2,2004.0,Sports,Electronic Arts,0.22,0.17,0.0,0.06,0.45,75.0,21.0,8.3,23.0,EA Sports,E,Sports
356,Major League Baseball 2K11,X360,2011.0,Sports,Take-Two Interactive,0.4,0.03,0.0,0.03,0.45,69.0,27.0,6.8,24.0,Visual Concepts,E,Sports
357,NBA Live 2005,GC,2004.0,Sports,Electronic Arts,0.35,0.09,0.0,0.01,0.45,83.0,17.0,6.7,7.0,EA Canada,E,Sports
358,NBA Live 10,X360,2009.0,Sports,Electronic Arts,0.4,0.02,0.0,0.03,0.45,80.0,40.0,7.7,37.0,EA Canada,E,Sports
359,Sled Storm,PS2,2002.0,Racing,Electronic Arts,0.22,0.17,0.0,0.06,0.45,73.0,22.0,7.7,6.0,Electronic Arts,T,Sports
360,Watch Dogs,PC,2014.0,Action,Ubisoft,0.15,0.26,0.0,0.03,0.45,77.0,18.0,4.7,3288.0,Ubisoft Montreal,M,Action
361,Celebrity Sports Showdown,Wii,2008.0,Sports,Electronic Arts,0.18,0.22,0.0,0.05,0.45,50.0,12.0,4.6,18.0,EA Canada,E,Sports
362,Tiger Woods PGA Tour 2003,XB,2002.0,Sports,Electronic Arts,0.35,0.08,0.0,0.01,0.44,88.0,14.0,8.5,11.0,EA Sports,E,Sports
363,NCAA Football 2004,XB,2003.0,Sports,Electronic Arts,0.4,0.02,0.0,0.02,0.43,88.0,13.0,8.8,19.0,EA Sports,E,Sports
364,Just Dance 4,PS3,2012.0,Misc,Ubisoft,0.26,0.11,0.0,0.06,0.43,77.0,5.0,7.1,29.0,Ubisoft,E10+,Puzzle
365,Madden NFL 2003,GC,2002.0,Sports,Electronic Arts,0.33,0.09,0.0,0.01,0.43,92.0,13.0,8.5,17.0,EA Sports,E,Sports
366,NBA Street,GC,2002.0,Sports,Electronic Arts,0.33,0.09,0.0,0.01,0.42,88.0,15.0,8.6,7.0,EA Sports,E,Sports
367,2014 FIFA World Cup Brazil,X360,2014.0,Sports,Electronic Arts,0.15,0.25,0.0,0.03,0.42,74.0,29.0,4.4,93.0,EA Canada,E,Sports
368,2010 FIFA World Cup South Africa,Wii,2010.0,Sports,Electronic Arts,0.23,0.15,0.01,0.04,0.42,70.0,19.0,6.7,11.0,Electronic Arts,E,Sports
369,NASCAR Kart Racing,Wii,2009.0,Racing,Electronic Arts,0.39,0.0,0.0,0.03,0.42,70.0,12.0,8.1,9.0,Electronic Arts,E,Sports
370,NBA Live 06,PSP,2005.0,Sports,Electronic Arts,0.39,0.0,0.0,0.03,0.42,80.0,18.0,7.6,13.0,EA Canada,E,Sports
371,Harry Potter and the Goblet of Fire,GC,2005.0,Action,Electronic Arts,0.32,0.08,0.0,0.01,0.42,69.0,20.0,6.3,13.0,Electronic Arts,E10+,Action
372,Blazing Angels: Squadrons of WWII,X360,2006.0,Simulation,Ubisoft,0.36,0.02,0.0,0.03,0.42,66.0,58.0,7.9,53.0,Ubisoft,T,Strategy
373,Tom Clancy's HAWX 2,PS3,2010.0,Action,Ubisoft,0.21,0.12,0.03,0.05,0.41,70.0,30.0,6.8,19.0,Ubisoft,T,Action
374,Medal of Honor Heroes 2,Wii,2007.0,Shooter,Electronic Arts,0.33,0.04,0.01,0.03,0.41,73.0,37.0,7.6,82.0,EA Canada,T,Action
375,Disney's Tarzan Untamed,PS2,2001.0,Platform,Ubisoft,0.2,0.16,0.0,0.05,0.41,59.0,7.0,7.1,7.0,Ubisoft,E,Adventure
376,NBA Jam,Wii,2010.0,Sports,Electronic Arts,0.36,0.02,0.0,0.02,0.4,79.0,43.0,8.5,20.0,EA Canada,E,Sports
377,Harry Potter: Quidditch World Cup,GC,2003.0,Sports,Electronic Arts,0.31,0.08,0.0,0.01,0.4,68.0,16.0,8.5,10.0,Electronic Arts,E,Sports
378,FIFA 14,PC,2013.0,Sports,Electronic Arts,0.01,0.36,0.0,0.03,0.4,87.0,6.0,4.6,441.0,EA Canada,E,Sports
379,FIFA Soccer 13,PC,2012.0,Action,Electronic Arts,0.02,0.31,0.0,0.07,0.4,86.0,7.0,6.6,286.0,Electronic Arts,E,Action
380,NBA Live 2002,XB,2001.0,Sports,Electronic Arts,0.35,0.03,0.0,0.02,0.4,76.0,15.0,7.5,6.0,Electronic Arts,E,Sports
381,NBA Jam,PS3,2010.0,Sports,Electronic Arts,0.22,0.12,0.0,0.06,0.39,71.0,33.0,5.7,14.0,EA Canada,E,Sports
382,NBA Jam,X360,2010.0,Sports,Electronic Arts,0.27,0.09,0.0,0.03,0.39,75.0,30.0,7,24.0,EA Canada,E,Sports
383,SSX 3,XB,2003.0,Sports,Electronic Arts,0.29,0.08,0.0,0.01,0.39,92.0,27.0,8.7,25.0,EA Canada,E,Sports
384,Monopoly Streets,PS3,2010.0,Misc,Electronic Arts,0.16,0.17,0.0,0.06,0.39,64.0,11.0,6.1,9.0,Electronic Arts,E,Puzzle
385,EA Sports Active 2,X360,2010.0,Sports,Electronic Arts,0.18,0.16,0.0,0.04,0.39,68.0,21.0,5.4,9.0,EA Canada,E,Sports
386,ESPN College Hoops 2K5,XB,2004.0,Sports,Sega,0.29,0.08,0.0,0.01,0.38,86.0,18.0,8.3,11.0,Visual Concepts,E,Sports
387,NCAA Football 08,PS3,2007.0,Sports,Electronic Arts,0.35,0.0,0.0,0.03,0.38,77.0,13.0,7.9,28.0,EA Sports,E,Sports
388,SSX 3,GC,2003.0,Sports,Electronic Arts,0.29,0.08,0.0,0.01,0.38,92.0,27.0,8.7,45.0,EA Canada,E,Sports
389,Just Dance 2014,PS3,2013.0,Misc,Ubisoft,0.17,0.14,0.0,0.06,0.38,77.0,6.0,7.1,25.0,Ubisoft,E10+,Puzzle
390,NBA 2K7,PS3,2006.0,Sports,Take-Two Interactive,0.3,0.04,0.0,0.03,0.37,80.0,20.0,7.4,8.0,Visual Concepts,E,Sports
391,EA Sports MMA,PS3,2010.0,Fighting,Electronic Arts,0.16,0.14,0.01,0.06,0.37,77.0,47.0,6.9,38.0,EA Tiburon,T,Sports
392,Tiger Woods PGA Tour 14,PS3,2013.0,Sports,Electronic Arts,0.16,0.14,0.0,0.07,0.37,74.0,28.0,3.8,26.0,EA Tiburon,E,Sports
393,NFL Street 2 Unleashed,PSP,2005.0,Sports,Electronic Arts,0.34,0.0,0.0,0.03,0.37,73.0,23.0,7.4,14.0,EA Tiburon,E,Sports
394,FIFA Street 2,PS2,2006.0,Sports,Electronic Arts,0.17,0.13,0.02,0.04,0.37,59.0,27.0,7.7,42.0,EA Canada,E,Sports
395,NCAA Football 07,PSP,2006.0,Sports,Electronic Arts,0.34,0.0,0.0,0.03,0.37,75.0,16.0,7.9,11.0,EA Sports,E,Sports
396,Tom Clancy's HAWX 2,X360,2010.0,Action,Ubisoft,0.24,0.09,0.01,0.03,0.36,68.0,57.0,6.3,29.0,Ubisoft,T,Action
397,NBA 2K6,XB,2005.0,Action,Take-Two Interactive,0.27,0.08,0.0,0.01,0.36,84.0,27.0,8.7,15.0,Visual Concepts,E,Action
398,ESPN NFL Football,XB,2003.0,Sports,Sega,0.27,0.08,0.0,0.01,0.36,91.0,25.0,8.9,45.0,Visual Concepts,E,Sports
399,TMNT,Wii,2007.0,Action,Ubisoft,0.3,0.03,0.0,0.03,0.36,60.0,17.0,5.9,11.0,Ubisoft Montreal,E10+,Action
400,Tiger Woods PGA Tour 14,X360,2013.0,Sports,Electronic Arts,0.21,0.12,0.0,0.03,0.35,77.0,28.0,6.2,26.0,EA Tiburon,E,Sports
401,Batman: Rise of Sin Tzu,PS2,2003.0,Action,Ubisoft,0.17,0.13,0.0,0.05,0.35,63.0,21.0,8.3,14.0,Ubisoft Montreal,T,Action
402,Need for Speed Carbon,GC,2006.0,Racing,Electronic Arts,0.27,0.07,0.0,0.01,0.35,75.0,12.0,7.8,14.0,EA Canada,E10+,Sports
403,EA Sports MMA,X360,2010.0,Fighting,Electronic Arts,0.23,0.09,0.0,0.02,0.35,79.0,63.0,7,55.0,EA Tiburon,T,Sports
404,NFL Street,GC,2004.0,Sports,Electronic Arts,0.27,0.07,0.0,0.01,0.35,81.0,30.0,8,4.0,EA Tiburon,E,Sports
405,Tiger Woods PGA Tour 12: The Masters,Wii,2011.0,Sports,Electronic Arts,0.2,0.11,0.0,0.03,0.34,85.0,14.0,6.7,7.0,Electronic Arts,E,Sports
406,Monopoly,PS3,2008.0,Misc,Electronic Arts,0.25,0.05,0.0,0.04,0.34,54.0,4.0,6.7,13.0,Electronic Arts,E,Puzzle
407,MVP 06 NCAA Baseball,XB,2006.0,Sports,Electronic Arts,0.25,0.07,0.0,0.01,0.34,75.0,29.0,8.6,17.0,EA Canada,E,Sports
408,NHL 09,PS3,2008.0,Sports,Electronic Arts,0.29,0.02,0.0,0.03,0.33,88.0,25.0,7.7,41.0,EA Canada,E10+,Sports
409,NCAA Basketball 10,PS3,2009.0,Sports,Electronic Arts,0.31,0.0,0.0,0.03,0.33,75.0,17.0,7.8,6.0,EA Canada,E,Sports
410,Naruto: Rise of a Ninja,X360,2007.0,Action,Ubisoft,0.29,0.01,0.0,0.03,0.33,78.0,35.0,8.6,84.0,Ubisoft Montreal,T,Action
411,MVP Baseball 2005,GC,2005.0,Sports,Electronic Arts,0.25,0.07,0.0,0.01,0.33,88.0,20.0,8.7,16.0,EA Sports,E,Sports
412,NBA Street V3,XB,2005.0,Sports,Electronic Arts,0.28,0.03,0.0,0.01,0.32,89.0,41.0,8.9,10.0,EA Canada,E,Sports
413,Prince of Persia: The Sands of Time,GC,2003.0,Action,Ubisoft,0.25,0.06,0.0,0.01,0.32,92.0,33.0,8.4,41.0,Ubisoft,T,Action
414,FIFA Street 3,PS3,2008.0,Sports,Electronic Arts,0.08,0.18,0.0,0.06,0.32,63.0,37.0,6.9,19.0,EA Canada,E,Sports
415,Shaun White Snowboarding,PSP,2008.0,Sports,Ubisoft,0.26,0.03,0.0,0.03,0.32,70.0,5.0,7.5,4.0,Ubisoft,E10+,Sports
416,NBA 2K3,XB,2002.0,Sports,Sega,0.24,0.07,0.0,0.01,0.32,87.0,15.0,7.9,9.0,Visual Concepts,E,Sports
417,FIFA Street 3,X360,2008.0,Sports,Electronic Arts,0.14,0.14,0.0,0.03,0.32,63.0,48.0,6.9,18.0,EA Canada,E,Sports
418,Marvel Nemesis: Rise of the Imperfects,PSP,2005.0,Fighting,Electronic Arts,0.29,0.0,0.0,0.02,0.32,58.0,15.0,8.7,30.0,EA Canada,T,Sports
419,FIFA Street,PS2,2005.0,Sports,Electronic Arts,0.15,0.12,0.0,0.04,0.31,59.0,29.0,7.9,52.0,EA Canada,E,Sports
420,SimAnimals,Wii,2009.0,Simulation,Electronic Arts,0.14,0.13,0.0,0.03,0.31,58.0,13.0,2.1,35.0,Electronic Arts,E,Strategy
421,Tiger Woods PGA Tour 06,X360,2005.0,Sports,Electronic Arts,0.28,0.0,0.0,0.02,0.31,71.0,36.0,7.4,8.0,EA Sports,E,Sports
422,NASCAR Thunder 2003,GC,2002.0,Racing,Electronic Arts,0.24,0.06,0.0,0.01,0.31,85.0,12.0,6.6,5.0,EA Sports,E,Sports
423,NBA Live 08,PSP,2007.0,Sports,Electronic Arts,0.28,0.0,0.0,0.02,0.31,73.0,11.0,6.2,5.0,EA Canada,E,Sports
424,PowerUp Heroes,X360,2011.0,Fighting,Ubisoft,0.18,0.09,0.0,0.03,0.3,61.0,13.0,7.5,10.0,Ubisoft,E10+,Sports
425,Rayman 2: Revolution,PS2,2000.0,Platform,Ubisoft,0.15,0.11,0.0,0.04,0.3,90.0,16.0,8.2,42.0,Ubisoft,E,Adventure
426,Shaun White Snowboarding: World Stage,Wii,2009.0,Sports,Ubisoft,0.24,0.03,0.0,0.02,0.29,72.0,33.0,8.7,30.0,Ubisoft,E,Sports
427,MySims SkyHeroes,Wii,2010.0,Action,Electronic Arts,0.16,0.1,0.0,0.03,0.29,67.0,9.0,5.2,5.0,Electronic Arts,E10+,Action
428,NBA Street V3,GC,2005.0,Sports,Electronic Arts,0.23,0.06,0.0,0.01,0.29,88.0,36.0,8.4,16.0,EA Canada,E,Sports
429,NBA Live 06,X360,2005.0,Sports,Electronic Arts,0.27,0.0,0.0,0.02,0.29,64.0,35.0,5.6,16.0,EA Canada,E,Sports
430,Prince of Persia: Rival Swords,Wii,2007.0,Action,Ubisoft,0.24,0.02,0.0,0.02,0.29,70.0,30.0,7.7,21.0,Ubisoft Montreal,T,Action
431,Madden NFL 08,XB,2007.0,Sports,Electronic Arts,0.22,0.06,0.0,0.01,0.29,76.0,6.0,6,4.0,EA Tiburon,E,Sports
432,Rayman 3: Hoodlum Havoc,PS2,2003.0,Platform,Ubisoft,0.14,0.11,0.0,0.04,0.29,76.0,21.0,8.6,38.0,Ubisoft,E,Adventure
433,NASCAR 08,X360,2007.0,Racing,Electronic Arts,0.26,0.0,0.0,0.02,0.29,59.0,29.0,5.2,30.0,EA Tiburon,E,Sports
434,Monster 4x4: Masters of Metal,PS2,2003.0,Racing,Ubisoft,0.14,0.11,0.0,0.04,0.28,48.0,9.0,8.3,13.0,Ubisoft,E,Sports
435,FIFA 15,PC,2014.0,Sports,Electronic Arts,0.0,0.27,0.0,0.02,0.28,82.0,9.0,4.2,383.0,EA Sports,E,Sports
436,NCAA March Madness 2005,XB,2004.0,Sports,Electronic Arts,0.21,0.06,0.0,0.01,0.28,80.0,18.0,7.8,4.0,EA Canada,E,Sports
437,Monopoly Streets,X360,2010.0,Misc,Electronic Arts,0.16,0.09,0.0,0.02,0.28,66.0,18.0,6.6,16.0,Electronic Arts,E,Puzzle
438,NHL 07,X360,2006.0,Sports,Electronic Arts,0.25,0.0,0.0,0.02,0.27,79.0,49.0,5.3,167.0,EA Sports,E10+,Sports
439,NASCAR 06: Total Team Control,XB,2005.0,Racing,Electronic Arts,0.2,0.06,0.0,0.01,0.27,79.0,25.0,5.9,7.0,EA Sports,E,Sports
440,NHL 2002,XB,2001.0,Sports,Electronic Arts,0.2,0.06,0.0,0.01,0.27,89.0,17.0,8.8,5.0,EA Sports,E,Sports
441,NHL 2K11,Wii,2010.0,Sports,Take-Two Interactive,0.23,0.02,0.0,0.02,0.27,62.0,12.0,5.8,4.0,Visual Concepts,E10+,Sports
442,NBA Live 2004,GC,2003.0,Sports,Electronic Arts,0.21,0.05,0.0,0.01,0.27,84.0,17.0,9,4.0,EA Sports,E,Sports
443,Knockout Kings 2002,XB,2002.0,Sports,Electronic Arts,0.2,0.06,0.0,0.01,0.27,78.0,20.0,7.9,7.0,Electronic Arts,T,Sports
444,ESPN NBA Basketball,XB,2003.0,Sports,Sega,0.2,0.06,0.0,0.01,0.27,87.0,18.0,8.2,25.0,Visual Concepts,E,Sports
445,All-Pro Football 2K8,X360,2007.0,Sports,Take-Two Interactive,0.24,0.0,0.0,0.02,0.26,75.0,22.0,6.8,52.0,Visual Concepts,E10+,Sports
446,Superman Returns,X360,2006.0,Action,Electronic Arts,0.23,0.01,0.0,0.02,0.26,51.0,48.0,6.2,49.0,EA Tiburon,T,Action
447,Batman: Vengeance,GC,2001.0,Adventure,Ubisoft,0.2,0.05,0.0,0.01,0.26,70.0,17.0,5.8,16.0,Ubisoft Montreal,T,Adventure
448,MVP Baseball 2004,GC,2004.0,Sports,Electronic Arts,0.2,0.05,0.0,0.01,0.26,89.0,25.0,8.5,11.0,EA Sports,E,Sports
449,NHL 08,PS3,2007.0,Action,Electronic Arts,0.16,0.06,0.0,0.03,0.25,86.0,23.0,6.9,23.0,EA Canada,E10+,Action
450,NHL 08,X360,2007.0,Action,Electronic Arts,0.22,0.01,0.0,0.02,0.25,85.0,44.0,8.2,44.0,EA Canada,E10+,Action
451,NHL 06,XB,2005.0,Sports,Electronic Arts,0.19,0.05,0.0,0.01,0.25,79.0,35.0,8.4,18.0,EA Canada,E10+,Sports
452,Far Cry Instincts Predator,X360,2006.0,Shooter,Ubisoft,0.2,0.03,0.0,0.02,0.24,78.0,46.0,6.2,80.0,Ubisoft Montreal,M,Action
453,NBA Live 10,PSP,2009.0,Sports,Electronic Arts,0.21,0.0,0.01,0.02,0.24,64.0,4.0,4.2,10.0,EA Canada,E,Sports
454,FIFA World Cup Germany 2006,XB,2006.0,Sports,Electronic Arts,0.18,0.05,0.0,0.01,0.24,77.0,22.0,8.4,9.0,EA Canada,E,Sports
455,NASCAR 08,PS2,2007.0,Racing,Electronic Arts,0.12,0.09,0.0,0.03,0.24,56.0,9.0,8.2,9.0,EA Tiburon,E,Sports
456,Harry Potter and the Goblet of Fire,XB,2005.0,Action,Electronic Arts,0.18,0.05,0.0,0.01,0.23,68.0,26.0,5.8,10.0,Electronic Arts,E10+,Action
457,NBA 2K6,X360,2005.0,Action,Take-Two Interactive,0.21,0.01,0.0,0.02,0.23,81.0,33.0,8.6,31.0,Visual Concepts,E,Action
458,NASCAR 08,PS3,2007.0,Racing,Electronic Arts,0.15,0.05,0.0,0.03,0.23,57.0,21.0,5,14.0,EA Tiburon,E,Sports
459,Grand Slam Tennis 2,PS3,2012.0,Sports,Electronic Arts,0.09,0.1,0.0,0.04,0.23,73.0,36.0,5.2,17.0,EA Sports,E,Sports
460,Tom Clancy's Rainbow Six: Siege,PC,2015.0,Shooter,Ubisoft,0.13,0.08,0.0,0.02,0.23,79.0,37.0,6.9,734.0,Ubisoft Montreal,M,Action
461,Tiger Woods PGA Tour 2003,GC,2002.0,Sports,Electronic Arts,0.18,0.05,0.0,0.01,0.23,90.0,10.0,8,5.0,EA Sports,E,Sports
462,NBA Street: Showdown,PSP,2005.0,Sports,Electronic Arts,0.2,0.0,0.0,0.02,0.22,75.0,25.0,8.5,15.0,EA Canada,E,Sports
463,NCAA Football 2005,GC,2004.0,Sports,Electronic Arts,0.17,0.04,0.0,0.01,0.22,88.0,18.0,9,5.0,EA Sports,E,Sports
464,FaceBreaker K.O. Party,Wii,2008.0,Fighting,Electronic Arts,0.19,0.01,0.0,0.02,0.22,61.0,15.0,5.6,7.0,EA Canada,T,Sports
465,From Russia With Love,GC,2005.0,Action,Electronic Arts,0.17,0.04,0.0,0.01,0.22,70.0,20.0,8.5,13.0,Electronic Arts,T,Action
466,NBA Live 09 All-Play,Wii,2008.0,Sports,Electronic Arts,0.19,0.01,0.0,0.02,0.22,51.0,11.0,5.9,14.0,EA Sports,E,Sports
467,NCAA Basketball 09,X360,2008.0,Sports,Electronic Arts,0.2,0.0,0.0,0.02,0.22,70.0,23.0,5.6,8.0,EA Canada,E,Sports
468,NFL 2K3,GC,2002.0,Sports,Sega,0.17,0.04,0.0,0.01,0.22,92.0,24.0,8.3,15.0,Visual Concepts,E,Sports
469,MVP Baseball,PSP,2005.0,Sports,Electronic Arts,0.2,0.0,0.0,0.02,0.21,67.0,21.0,7.7,16.0,EA Canada,E,Sports
470,Rumble Racing,PS2,2001.0,Racing,Electronic Arts,0.1,0.08,0.0,0.03,0.21,85.0,17.0,8.2,9.0,Electronic Arts,E,Sports
471,NCAA Football 2003,GC,2002.0,Sports,Electronic Arts,0.16,0.04,0.0,0.01,0.21,91.0,11.0,8.1,9.0,EA Sports,E,Sports
472,NCAA March Madness 07,X360,2007.0,Sports,Electronic Arts,0.19,0.0,0.0,0.02,0.21,67.0,33.0,7.1,15.0,EA Canada,E,Sports
473,NHL 2003,XB,2002.0,Sports,Electronic Arts,0.15,0.04,0.0,0.01,0.21,80.0,12.0,7.9,12.0,EA Sports,E,Sports
474,Tiger Woods PGA Tour,PSP,2005.0,Sports,Electronic Arts,0.19,0.0,0.0,0.02,0.21,78.0,25.0,7.4,14.0,EA Canada,E,Sports
475,NCAA March Madness 06,XB,2005.0,Sports,Electronic Arts,0.15,0.04,0.0,0.01,0.2,76.0,21.0,7.2,5.0,EA Canada,E,Sports
476,NBA 2K2,XB,2002.0,Sports,Sega,0.15,0.04,0.0,0.01,0.2,90.0,17.0,7.6,5.0,Visual Concepts,E,Sports
477,Major League Baseball 2K11,PS3,2011.0,Sports,Take-Two Interactive,0.15,0.03,0.0,0.02,0.2,72.0,13.0,6.3,9.0,Visual Concepts,E,Sports
478,FIFA 16,PC,2015.0,Sports,Electronic Arts,0.06,0.13,0.0,0.01,0.2,81.0,10.0,4.4,296.0,EA Sports,E,Sports
479,MVP Baseball 2003,XB,2003.0,Sports,Electronic Arts,0.15,0.04,0.0,0.01,0.2,82.0,18.0,9,9.0,EA Sports,E,Sports
480,From Russia With Love,XB,2005.0,Action,Electronic Arts,0.15,0.04,0.0,0.01,0.2,71.0,34.0,8.8,12.0,Electronic Arts,T,Action
481,Prince of Persia: Warrior Within,GC,2004.0,Action,Ubisoft,0.15,0.04,0.0,0.01,0.2,83.0,31.0,8.6,20.0,Ubisoft,M,Action
482,Tom Clancy's Splinter Cell: Essentials,PSP,2006.0,Shooter,Ubisoft,0.17,0.01,0.0,0.02,0.19,58.0,37.0,7.5,39.0,Ubisoft,M,Action
483,Major League Baseball 2K12,PS3,2012.0,Sports,Take-Two Interactive,0.18,0.0,0.0,0.02,0.19,68.0,8.0,4.4,5.0,Visual Concepts,E,Sports
484,Harry Potter and the Goblet of Fire,PSP,2005.0,Action,Electronic Arts,0.17,0.0,0.0,0.02,0.19,70.0,13.0,7.4,16.0,Electronic Arts,E10+,Action
485,NBA 2K11,PC,2010.0,Action,Take-Two Interactive,0.18,0.0,0.0,0.01,0.19,82.0,6.0,8.6,37.0,Visual Concepts,E,Action
486,FaceBreaker,X360,2008.0,Fighting,Electronic Arts,0.15,0.02,0.0,0.02,0.19,54.0,57.0,6.3,19.0,EA Canada,T,Sports
487,Shaun White Skateboarding,PS3,2010.0,Sports,Ubisoft,0.11,0.05,0.0,0.03,0.19,61.0,26.0,6.5,8.0,Ubisoft Montreal,T,Sports
488,Major League Baseball 2K10,PS3,2010.0,Sports,Take-Two Interactive,0.17,0.0,0.0,0.01,0.19,74.0,19.0,5.3,4.0,Visual Concepts,E,Sports
489,Harry Potter: Quidditch World Cup,XB,2003.0,Sports,Electronic Arts,0.14,0.04,0.0,0.01,0.19,69.0,14.0,7.5,4.0,Electronic Arts,E,Sports
490,Grand Slam Tennis 2,X360,2012.0,Sports,Electronic Arts,0.1,0.06,0.0,0.02,0.18,71.0,45.0,5.1,14.0,EA Sports,E,Sports
491,FIFA Soccer 11,PC,2010.0,Sports,Electronic Arts,0.0,0.14,0.0,0.04,0.18,83.0,16.0,7.7,102.0,EA Sports,E,Sports
492,FIFA Soccer 2002,GC,2001.0,Sports,Electronic Arts,0.14,0.04,0.0,0.0,0.18,81.0,13.0,8,9.0,EA Sports,E,Sports
493,Disney's Tarzan Untamed,GC,2001.0,Platform,Ubisoft,0.14,0.04,0.0,0.0,0.18,61.0,11.0,7.4,8.0,Ubisoft Montreal,E,Adventure
494,College Hoops 2K8,X360,2007.0,Sports,Take-Two Interactive,0.16,0.0,0.0,0.01,0.18,81.0,21.0,6.9,16.0,Visual Concepts,E,Sports
495,NHL 2K9,X360,2008.0,Sports,Take-Two Interactive,0.15,0.01,0.0,0.01,0.17,69.0,33.0,6.7,7.0,Visual Concepts,E10+,Sports
496,Fight Night Round 2,GC,2005.0,Fighting,Electronic Arts,0.13,0.03,0.0,0.0,0.17,87.0,32.0,7.9,7.0,EA Sports,T,Sports
497,FaceBreaker,PS3,2008.0,Fighting,Electronic Arts,0.13,0.02,0.0,0.02,0.17,53.0,37.0,3.8,20.0,EA Canada,T,Sports
498,SSX On Tour,GC,2005.0,Sports,Electronic Arts,0.13,0.03,0.0,0.0,0.17,80.0,27.0,7.5,14.0,EA Canada,E,Sports
499,NHL 07,PSP,2006.0,Sports,Electronic Arts,0.13,0.02,0.0,0.02,0.17,76.0,7.0,6.6,23.0,EA Sports,E10+,Sports
500,Cubivore: Survival of the Fittest,GC,2002.0,Adventure,Nintendo,0.01,0.0,0.15,0.0,0.17,71.0,12.0,8.5,21.0,Nintendo,E,Adventure
501,Far Cry: Primal,PC,2016.0,Action,Ubisoft,0.04,0.11,0.0,0.01,0.16,74.0,18.0,4.8,368.0,Ubisoft Montreal,M,Action
502,ESPN College Hoops,PS2,2003.0,Sports,Sega,0.08,0.06,0.0,0.02,0.16,83.0,14.0,8.5,8.0,Visual Concepts,E,Sports
503,NCAA Football 09 All-Play,Wii,2008.0,Sports,Electronic Arts,0.15,0.0,0.0,0.01,0.16,49.0,5.0,5.8,32.0,EA Canada,E,Sports
504,Beowulf: The Game,PS3,2007.0,Action,Ubisoft,0.14,0.01,0.0,0.01,0.16,51.0,18.0,5.2,17.0,Ubisoft,M,Action
505,NBA Live 08,Wii,2007.0,Sports,Electronic Arts,0.14,0.0,0.0,0.01,0.16,52.0,11.0,7.1,21.0,EA Canada,E,Sports
506,NBA 2K12,PC,2011.0,Sports,Take-Two Interactive,0.09,0.05,0.0,0.02,0.16,86.0,5.0,7.1,66.0,Visual Concepts,E,Sports
507,Shaun White Skateboarding,X360,2010.0,Sports,Ubisoft,0.1,0.05,0.0,0.01,0.16,61.0,34.0,5.3,7.0,Ubisoft Montreal,T,Sports
508,Tiger Woods PGA Tour 2004,GC,2003.0,Sports,Electronic Arts,0.12,0.03,0.0,0.0,0.16,89.0,16.0,7.8,6.0,EA Sports,E,Sports
509,NHL 2005,XB,2004.0,Sports,Electronic Arts,0.12,0.03,0.0,0.01,0.16,77.0,27.0,6.2,11.0,EA Sports,E,Sports
510,All-Pro Football 2K8,PS3,2007.0,Sports,Take-Two Interactive,0.14,0.0,0.0,0.01,0.15,73.0,23.0,7.3,21.0,Visual Concepts,E10+,Sports
511,Knockout Kings 2003,GC,2002.0,Sports,Electronic Arts,0.12,0.03,0.0,0.0,0.15,78.0,13.0,6.5,4.0,EA Sports,T,Sports
512,NCAA Football 2004,GC,2003.0,Sports,Electronic Arts,0.12,0.03,0.0,0.0,0.15,89.0,16.0,7.5,6.0,EA Sports,E,Sports
513,NBA Street Homecourt,PS3,2007.0,Sports,Electronic Arts,0.12,0.01,0.0,0.02,0.15,81.0,31.0,6.5,16.0,EA Canada,E,Sports
514,FIFA 06: Road to FIFA World Cup,X360,2005.0,Sports,Electronic Arts,0.11,0.02,0.01,0.01,0.15,62.0,39.0,6,34.0,EA Canada,E,Sports
515,F1 2001,PS2,2001.0,Racing,Electronic Arts,0.07,0.06,0.0,0.02,0.15,83.0,13.0,8.3,9.0,EA Sports,E,Sports
516,Fantastic Four: Rise of the Silver Surfer,PS3,2007.0,Action,Take-Two Interactive,0.12,0.02,0.0,0.02,0.15,47.0,26.0,6.2,10.0,Visual Concepts,T,Action
517,187: Ride or Die,PS2,2005.0,Racing,Ubisoft,0.07,0.06,0.0,0.02,0.15,52.0,33.0,6.8,12.0,Ubisoft,M,Sports
518,Prince of Persia: The Two Thrones,GC,2005.0,Action,Ubisoft,0.11,0.03,0.0,0.0,0.15,84.0,34.0,8.1,22.0,Ubisoft,M,Action
519,Arena Football,XB,2006.0,Sports,Electronic Arts,0.11,0.03,0.0,0.01,0.15,65.0,17.0,8.5,10.0,EA Tiburon,E10+,Sports
520,FIFA Soccer 2005,GC,2004.0,Sports,Electronic Arts,0.11,0.03,0.0,0.0,0.14,78.0,22.0,8.5,6.0,EA Canada,E,Sports
521,SSX On Tour,XB,2005.0,Sports,Electronic Arts,0.11,0.03,0.0,0.01,0.14,81.0,35.0,8.1,10.0,EA Canada,E,Sports
522,NFL Head Coach 09,PS3,2008.0,Sports,Electronic Arts,0.13,0.0,0.0,0.01,0.14,64.0,12.0,7.1,12.0,EA Tiburon,E,Sports
523,College Hoops 2K8,PS3,2007.0,Sports,Take-Two Interactive,0.13,0.0,0.0,0.01,0.14,82.0,18.0,5.2,6.0,Visual Concepts,E,Sports
524,Rayman Arena,GC,2002.0,Racing,Ubisoft,0.11,0.03,0.0,0.0,0.14,60.0,10.0,7.2,6.0,Ubisoft,E,Sports
525,UEFA Euro 2004: Portugal,PS2,2004.0,Sports,Electronic Arts,0.07,0.05,0.0,0.02,0.14,76.0,21.0,6.4,18.0,EA Canada,E,Sports
526,NCIS,X360,2011.0,Adventure,Ubisoft,0.1,0.02,0.0,0.01,0.14,35.0,11.0,4.7,7.0,Ubisoft,T,Adventure
527,FIFA Street 2,PSP,2006.0,Sports,Electronic Arts,0.07,0.05,0.0,0.02,0.13,58.0,6.0,6.9,17.0,EA Canada,E,Sports
528,Chessmaster,XB,2004.0,Misc,Ubisoft,0.1,0.03,0.0,0.0,0.13,79.0,12.0,9,6.0,Ubisoft,E,Puzzle
529,NHL 2003,GC,2002.0,Sports,Electronic Arts,0.1,0.03,0.0,0.0,0.13,79.0,13.0,6.3,4.0,EA Sports,E,Sports
530,FIFA World Cup Germany 2006,GC,2006.0,Sports,Electronic Arts,0.1,0.03,0.0,0.0,0.13,76.0,17.0,6.2,5.0,EA Canada,E,Sports
531,Star Wars: Lethal Alliance,PSP,2006.0,Action,Ubisoft,0.11,0.01,0.0,0.01,0.13,61.0,31.0,7,7.0,Ubisoft Montreal,T,Action
532,Disney's PK: Out of the Shadows,PS2,2002.0,Platform,Ubisoft,0.06,0.05,0.0,0.02,0.12,49.0,14.0,5,4.0,Ubisoft,E,Adventure
533,Chessmaster: The Art of Learning,PSP,2008.0,Misc,Ubisoft,0.11,0.0,0.0,0.01,0.12,64.0,4.0,8.4,18.0,Ubisoft,E,Puzzle
534,NCIS,PS3,2011.0,Adventure,Ubisoft,0.07,0.04,0.0,0.02,0.12,50.0,4.0,4,4.0,Ubisoft,T,Adventure
535,NFL Head Coach,XB,2006.0,Sports,Electronic Arts,0.09,0.03,0.0,0.0,0.12,69.0,26.0,7.1,9.0,EA Tiburon,E,Sports
536,NBA 2K2,GC,2002.0,Sports,Sega,0.09,0.02,0.0,0.0,0.12,90.0,13.0,8,4.0,Visual Concepts,E,Sports
537,FIFA Soccer,PSP,2005.0,Sports,Electronic Arts,0.11,0.0,0.0,0.01,0.12,73.0,23.0,7.7,22.0,EA Canada,E,Sports
538,Self-Defense Training Camp,X360,2011.0,Sports,Ubisoft,0.08,0.03,0.0,0.01,0.12,21.0,5.0,5,25.0,Ubisoft,T,Sports
539,NASCAR 07,PS2,2006.0,Racing,Electronic Arts,0.06,0.04,0.0,0.01,0.11,68.0,26.0,8.9,16.0,EA Tiburon,E,Sports
540,FIFA Street 2,GC,2006.0,Sports,Electronic Arts,0.09,0.02,0.0,0.0,0.11,63.0,16.0,5.7,7.0,EA Canada,E,Sports
541,Fantastic Four: Rise of the Silver Surfer,X360,2007.0,Action,Take-Two Interactive,0.1,0.01,0.0,0.01,0.11,45.0,30.0,5.4,16.0,Visual Concepts,T,Action
542,NFL Head Coach 09,X360,2008.0,Sports,Electronic Arts,0.11,0.0,0.0,0.01,0.11,67.0,14.0,8.4,28.0,EA Tiburon,E,Sports
543,Batman: Rise of Sin Tzu,XB,2003.0,Action,Ubisoft,0.08,0.02,0.0,0.0,0.11,67.0,17.0,7.7,6.0,Ubisoft Montreal,T,Action
544,TMNT,PSP,2007.0,Action,Ubisoft,0.1,0.0,0.0,0.01,0.11,37.0,7.0,4.1,12.0,Ubisoft Montreal,E10+,Action
545,Open Season,X360,2006.0,Platform,Ubisoft,0.1,0.0,0.0,0.01,0.11,59.0,15.0,7.3,9.0,Ubisoft,E10+,Adventure
546,Call of Juarez: The Cartel,PC,2011.0,Shooter,Ubisoft,0.05,0.05,0.0,0.01,0.11,51.0,12.0,3.3,126.0,Ubisoft,M,Action
547,FIFA Soccer 06,PSP,2005.0,Sports,Electronic Arts,0.1,0.0,0.0,0.01,0.11,77.0,17.0,7.7,20.0,EA Sports,E,Sports
548,Tiger Woods PGA Tour 06,GC,2005.0,Sports,Electronic Arts,0.08,0.02,0.0,0.0,0.11,82.0,19.0,4.8,4.0,EA Sports,E,Sports
549,FIFA World Cup Germany 2006,PSP,2006.0,Sports,Electronic Arts,0.1,0.0,0.0,0.01,0.11,72.0,15.0,7.3,8.0,EA Canada,E,Sports
550,Tom Clancy's Splinter Cell: Conviction,PC,2010.0,Action,Ubisoft,0.0,0.08,0.0,0.02,0.11,83.0,20.0,5.2,672.0,Ubisoft Montreal,M,Action
551,Rocky Balboa,PSP,2007.0,Sports,Ubisoft,0.01,0.09,0.0,0.01,0.1,58.0,17.0,6.6,11.0,Ubisoft,T,Sports
552,Family Feud: 2012 Edition,X360,2011.0,Misc,Ubisoft,0.1,0.0,0.0,0.01,0.1,47.0,4.0,5.3,6.0,Ubisoft,E10+,Puzzle
553,F1 Career Challenge,PS2,2003.0,Racing,Electronic Arts,0.05,0.04,0.0,0.01,0.1,70.0,15.0,7.7,15.0,Electronic Arts,E,Sports
554,Tom Clancy's Splinter Cell: Chaos Theory,GC,2005.0,Action,Ubisoft,0.08,0.02,0.0,0.0,0.1,81.0,28.0,8.5,15.0,Ubisoft Montreal,M,Action
555,FIFA Street,XB,2005.0,Sports,Electronic Arts,0.08,0.02,0.0,0.0,0.1,60.0,21.0,8,9.0,EA Canada,E,Sports
556,NHL 2004,GC,2003.0,Sports,Electronic Arts,0.08,0.02,0.0,0.0,0.1,85.0,18.0,8.4,7.0,EA Sports,E,Sports
557,Surf's Up,X360,2007.0,Sports,Ubisoft,0.09,0.0,0.0,0.01,0.1,61.0,15.0,6.1,9.0,Ubisoft,E10+,Sports
558,NFL Tour,X360,2008.0,Sports,Electronic Arts,0.09,0.0,0.0,0.01,0.1,49.0,35.0,3.1,45.0,EA Tiburon,E,Sports
559,NCAA March Madness 08,PS3,2007.0,Sports,Electronic Arts,0.08,0.0,0.0,0.01,0.09,67.0,15.0,3.8,4.0,EA Canada,E,Sports
560,The Sims 2: Apartment Life,PC,2008.0,Simulation,Electronic Arts,0.0,0.07,0.0,0.01,0.09,75.0,10.0,7.7,19.0,Electronic Arts,T,Strategy
561,NCAA Football 08,XB,2007.0,Sports,Electronic Arts,0.06,0.02,0.0,0.0,0.08,82.0,4.0,8.1,8.0,EA Sports,E,Sports
562,FIFA Street 2,XB,2006.0,Sports,Electronic Arts,0.06,0.02,0.0,0.0,0.08,63.0,30.0,7.1,9.0,EA Canada,E,Sports
563,NHL 06,GC,2005.0,Sports,Electronic Arts,0.06,0.02,0.0,0.0,0.08,78.0,18.0,9.3,7.0,EA Canada,E10+,Sports
564,Tom Clancy's Splinter Cell: Pandora Tomorrow,GC,2004.0,Action,Ubisoft,0.06,0.02,0.0,0.0,0.08,78.0,25.0,8,11.0,Ubisoft,T,Action
565,FIFA Soccer 2003,GC,2002.0,Sports,Electronic Arts,0.06,0.02,0.0,0.0,0.08,86.0,12.0,7.8,10.0,EA Canada,E,Sports
566,Major League Baseball 2K11,PC,2011.0,Sports,Take-Two Interactive,0.06,0.01,0.0,0.01,0.08,74.0,5.0,5.9,16.0,Visual Concepts,E,Sports
567,Assassin's Creed: Rogue,PC,2015.0,Action,Ubisoft,0.05,0.02,0.0,0.01,0.08,74.0,25.0,7.5,362.0,Ubisoft,M,Action
568,Far Cry Vengeance,Wii,2006.0,Shooter,Ubisoft,0.06,0.01,0.0,0.01,0.08,38.0,23.0,5.3,53.0,Ubisoft Montreal,M,Action
569,Silent Hunter III,PC,2005.0,Simulation,Ubisoft,0.0,0.07,0.0,0.01,0.08,90.0,23.0,7.9,95.0,Ubisoft,T,Strategy
570,Madden NFL 08,GC,2007.0,Sports,Electronic Arts,0.06,0.02,0.0,0.0,0.08,75.0,4.0,7,7.0,EA Tiburon,E,Sports
571,Far Cry Instincts Evolution,XB,2006.0,Shooter,Ubisoft,0.06,0.02,0.0,0.0,0.08,78.0,15.0,6.3,32.0,Ubisoft Montreal,M,Action
572,Rayman 3: Hoodlum Havoc,XB,2003.0,Platform,Ubisoft,0.06,0.02,0.0,0.0,0.07,75.0,13.0,7.9,8.0,Ubisoft,E,Adventure
573,Need for Speed Underground 2,PC,2004.0,Racing,Electronic Arts,0.0,0.06,0.0,0.01,0.07,82.0,31.0,8.5,407.0,EA Canada,T,Sports
574,FIFA Soccer 2004,GC,2003.0,Sports,Electronic Arts,0.05,0.01,0.0,0.0,0.07,83.0,17.0,6.2,12.0,EA Canada,E,Sports
575,Open Season,Wii,2006.0,Platform,Ubisoft,0.06,0.0,0.0,0.01,0.07,49.0,5.0,5.6,7.0,Ubisoft,E10+,Adventure
576,NHL 2005,GC,2004.0,Sports,Electronic Arts,0.05,0.01,0.0,0.0,0.07,75.0,18.0,5.6,5.0,EA Sports,E,Sports
577,F1 2001,XB,2001.0,Racing,Electronic Arts,0.05,0.01,0.0,0.0,0.06,83.0,11.0,5.5,8.0,EA Sports,E,Sports
578,NHL 2K9,Wii,2008.0,Sports,Take-Two Interactive,0.06,0.0,0.0,0.0,0.06,65.0,11.0,5.4,19.0,Visual Concepts,E10+,Sports
579,Tom Clancy's Splinter Cell: Double Agent,GC,2006.0,Action,Ubisoft,0.04,0.01,0.0,0.0,0.06,64.0,8.0,7.1,7.0,Ubisoft Montreal,M,Action
580,NBA Live 07,XB,2006.0,Sports,Electronic Arts,0.04,0.01,0.0,0.0,0.06,69.0,14.0,6.8,13.0,EA Sports,E,Sports
581,UEFA Euro 2004: Portugal,XB,2004.0,Sports,Electronic Arts,0.04,0.01,0.0,0.0,0.05,74.0,21.0,8.1,9.0,EA Canada,E,Sports
582,Medal of Honor: Airborne,PC,2007.0,Shooter,Electronic Arts,0.0,0.04,0.0,0.01,0.05,78.0,38.0,7.3,204.0,Electronic Arts,T,Action
583,UEFA Champions League 2006-2007,X360,2007.0,Sports,Electronic Arts,0.04,0.01,0.0,0.0,0.05,72.0,27.0,8.2,10.0,EA Canada,E,Sports
584,Tom Clancy's HAWX 2,PC,2010.0,Action,Ubisoft,0.0,0.04,0.0,0.01,0.05,66.0,12.0,3.8,47.0,Ubisoft,T,Action
585,Rugby 06,PS2,2006.0,Sports,Electronic Arts,0.02,0.02,0.0,0.01,0.05,70.0,6.0,7.8,27.0,EA Canada,E,Sports
586,2002 FIFA World Cup,GC,2002.0,Sports,Electronic Arts,0.04,0.01,0.0,0.0,0.05,78.0,9.0,7.7,6.0,EA Sports,E,Sports
587,FIFA Soccer 10,PC,2009.0,Sports,Electronic Arts,0.0,0.04,0.0,0.01,0.05,72.0,14.0,3.8,59.0,EA Sports,E,Sports
588,Disney's Donald Duck: Goin' Quackers,GC,2002.0,Platform,Ubisoft,0.03,0.01,0.0,0.0,0.04,61.0,7.0,3,4.0,Ubisoft Montreal,E,Adventure
589,NASCAR 07,XB,2006.0,Racing,Electronic Arts,0.03,0.01,0.0,0.0,0.04,72.0,26.0,7,4.0,EA Tiburon,E,Sports
590,Surf's Up,PS3,2007.0,Sports,Ubisoft,0.03,0.0,0.0,0.0,0.04,59.0,8.0,5.1,7.0,Ubisoft Montreal,E10+,Sports
591,Rugby 08,PS2,2007.0,Sports,Electronic Arts,0.02,0.01,0.0,0.0,0.04,74.0,21.0,7.4,25.0,EA Canada,E,Sports
592,Prince of Persia: The Forgotten Sands,PC,2010.0,Action,Ubisoft,0.0,0.03,0.0,0.0,0.03,75.0,16.0,6.6,218.0,Ubisoft Montreal,T,Action
593,F1 2002,GC,2002.0,Racing,Electronic Arts,0.02,0.01,0.0,0.0,0.03,72.0,7.0,7.8,4.0,EA Sports,E,Sports
594,Rayman 3: Hoodlum Havoc,PC,2003.0,Platform,Ubisoft,0.0,0.03,0.0,0.0,0.03,74.0,8.0,8.3,70.0,Ubisoft,E,Adventure
595,NBA 2K13,PC,2012.0,Sports,Take-Two Interactive,0.0,0.02,0.0,0.0,0.03,90.0,5.0,6.8,130.0,Visual Concepts,E,Sports
596,NHL 07,XB,2006.0,Sports,Electronic Arts,0.02,0.01,0.0,0.0,0.03,75.0,14.0,7.7,6.0,EA Sports,E10+,Sports
597,Medal of Honor: Vanguard,PS2,2007.0,Shooter,Electronic Arts,0.0,0.0,0.03,0.0,0.03,63.0,29.0,6.1,34.0,Electronic Arts,T,Action
598,Tom Clancy's Rainbow Six: Vegas 2,PC,2008.0,Shooter,Ubisoft,0.0,0.02,0.0,0.0,0.02,78.0,20.0,7.3,185.0,Ubisoft Montreal,M,Action
599,FIFA Soccer 09,PC,2008.0,Sports,Electronic Arts,0.0,0.02,0.0,0.0,0.02,77.0,15.0,6.8,36.0,EA Canada,E,Sports
600,Tom Clancy's Splinter Cell Classic Trilogy HD,PS3,2011.0,Action,Ubisoft,0.02,0.0,0.0,0.0,0.02,67.0,21.0,6.8,29.0,Ubisoft,M,Action
601,NHL 09,PC,2008.0,Sports,Electronic Arts,0.0,0.02,0.0,0.0,0.02,62.0,6.0,4.1,30.0,EA Canada,E10+,Sports
602,Lost: Via Domus,PC,2008.0,Action,Ubisoft,0.0,0.01,0.0,0.0,0.02,52.0,22.0,6,38.0,Ubisoft Montreal,T,Action
603,FIFA Soccer 08,PC,2007.0,Sports,Electronic Arts,0.0,0.01,0.0,0.0,0.02,77.0,7.0,6.1,50.0,EA Canada,E,Sports
604,NBA 2K17,PC,2016.0,Sports,Take-Two Interactive,0.0,0.01,0.0,0.0,0.01,90.0,6.0,6.3,52.0,Visual Concepts,E,Sports
605,Madden NFL 13,PS3,2012.0,Sports,Electronic Arts,0.0,0.01,0.0,0.0,0.01,83.0,22.0,5.5,101.0,EA Tiburon,E,Sports
